station_id,demand_hours,zero_hours,expected_zero_hours,long_run_hours,longest_run,excess_zero_rate,zero_ratio,naive_rate,name,gu,net_out_per_day,rentals,first_seen,last_seen,rankable
ST1385,64,32,8.03543658714071,0,1,37.44,3.98,50.0,부사동 충무로네거리(맥도날드),중구,-0.003,7836.0,2024-12-03,2026-03-31,False
ST1306,566,250,92.49435183479198,0,2,27.83,2.7,44.17,용두동 하늘채엘센트로,중구,0.012,12020.0,2024-08-07,2026-03-31,True
ST1348,64,30,12.224083843489847,0,1,27.77,2.45,46.88,도룡동 스마트시티5단지,유성구,-0.15,8955.0,2024-12-02,2026-04-01,False
ST0553,737,282,78.7058080738463,0,2,27.58,3.58,38.26,부사동 우체국,중구,-0.082,13378.0,2024-08-01,2026-03-31,True
ST1372,65,25,7.778245261336625,0,1,26.5,3.21,38.46,문화동 계룡문화아파트,중구,-0.023,4626.0,2024-11-25,2026-03-31,False
ST1384,64,29,13.50602166823809,0,1,24.21,2.15,45.31,부사동 부사 119안전센터,중구,0.047,4735.0,2024-12-05,2026-03-31,False
ST1449,19,7,3.051094070663184,0,1,20.78,2.29,36.84,어은동 카이스트 아름관,유성구,0.003,2109.0,2025-10-18,2026-04-01,False
ST1353,255,81,29.777706830397456,0,1,20.09,2.72,31.76,문지동 카이스트 문지캠퍼스,유성구,0.045,4446.0,2024-12-04,2026-03-31,True
ST1346,195,65,27.796672830753305,51,3,19.08,2.34,33.33,어은동 카이스트 미르나래관,유성구,-0.003,9433.0,2024-11-20,2026-03-31,False
ST0925,816,223,68.32944859831746,0,2,18.95,3.26,27.33,용산동 대전테크노파크용산동 에스피에스,유성구,-0.117,7832.0,2024-08-01,2026-03-31,True
ST0080,82,27,12.135285312786806,0,1,18.13,2.22,32.93,오정동 한남대학교 정문,대덕구,-0.063,8929.0,2024-08-01,2026-04-01,False
ST1403,256,94,48.24311029622148,30,3,17.87,1.95,36.72,만년동 대전시립미술관,서구,0.295,6021.0,2024-12-02,2026-03-31,True
ST1355,1260,431,208.65263899755496,213,10,17.65,2.07,34.21,전민동 엑스포아파트 307동,유성구,-0.951,13956.0,2024-12-10,2026-03-31,True
ST1354,448,150,72.09898331631922,0,1,17.39,2.08,33.48,구성동 카이스트 김병호IT,유성구,0.229,6231.0,2024-12-03,2026-03-31,True
ST1343,4688,1330,568.344360155808,1000,15,16.25,2.34,28.37,용문동 둔산더샵엘리프 2단지(204동),서구,-0.411,24349.0,2024-11-25,2026-04-01,True
ST1026,6866,1623,507.90653475738844,846,15,16.24,3.2,23.64,만년동 한밭수목원(서원),서구,0.484,40740.0,2024-08-01,2026-03-31,True
ST1342,457,143,69.4827375903439,0,2,16.09,2.06,31.29,구성동 카이스트 교육지원동,유성구,0.009,6710.0,2024-11-22,2026-03-31,True
ST1440,24,7,3.2579974889255974,0,1,15.59,2.15,29.17,장대동 궁동2교 (죽동 방향),유성구,0.002,2979.0,2025-09-12,2026-03-31,False
ST1520,234,55,18.89899198849126,11,5,15.43,2.91,23.5,도안동 갑천생태호수공원 주차장C,서구,0.063,2778.0,2025-10-27,2026-03-31,True
ST1027,8012,1609,394.40586059880104,813,17,15.16,4.08,20.08,만년동 한밭수목원(동원),서구,1.033,63136.0,2024-08-01,2026-03-31,True
ST1341,4831,1115,391.4181916674489,839,13,14.98,2.85,23.08,구성동 카이스트 정보전자동 (1410),유성구,-0.591,31835.0,2024-11-30,2026-03-31,True
ST0927,163,51,27.041251752414844,0,1,14.7,1.89,31.29,관평동 한밭대학교 대덕산학융합캠퍼스,유성구,0.009,3595.0,2024-08-01,2026-03-31,False
ST1351,514,154,79.15088682114778,0,2,14.56,1.95,29.96,도룡동 기초과학연구원,유성구,-0.115,6990.0,2024-11-30,2026-03-31,True
ST0189,162,50,26.536694190195277,0,1,14.48,1.88,30.86,구성동 카이스트 후문(한국원자력안전기술원),유성구,0.112,5745.0,2024-08-01,2026-03-31,False
ST0366,162,52,29.033313886875614,0,1,14.18,1.79,32.1,궁동 충남대학교 약학대학,유성구,-0.007,5650.0,2024-08-01,2026-03-31,False
ST1344,640,186,97.6213215628459,0,2,13.81,1.91,29.06,용문동 둔산더샵엘리프 1단지,서구,0.017,10862.0,2024-12-02,2026-03-31,True
ST0796,327,88,43.809342055982654,0,1,13.51,2.01,26.91,가수원동 가수원연립주택 정류장,서구,-0.023,8313.0,2024-08-01,2026-03-31,True
ST0190,652,141,57.381339524909194,0,2,12.82,2.46,21.63,가정동 화폐박물관,유성구,-0.072,7990.0,2024-08-01,2026-03-31,True
ST0413,4006,964,454.5695615160947,292,11,12.72,2.12,24.06,도룡동 대전컨벤션센터,유성구,1.463,21334.0,2024-08-01,2026-03-31,True
ST1194,652,135,52.48578240603803,0,2,12.66,2.57,20.71,관평동 대덕비즈센터 남문 맞은편,유성구,-0.012,10744.0,2024-08-01,2026-03-31,True
ST1297,571,142,69.76400070249042,14,4,12.65,2.04,24.87,중동 목척교 유래비,동구,-0.122,7876.0,2025-03-04,2026-04-01,True
ST1367,782,199,102.59571071645271,21,3,12.33,1.94,25.45,태평동 시영아파트 4동,중구,-0.063,12449.0,2024-11-25,2026-04-01,True
ST0682,81,23,13.021445287599716,0,1,12.32,1.77,28.4,선화동 농협중앙회 대전본부,중구,-0.012,12144.0,2024-08-01,2026-04-01,False
ST1349,63,18,10.310895744651233,0,1,12.2,1.75,28.57,원신흥동 갑천1블럭 트리플시티 힐스테이트,유성구,-0.058,8056.0,2024-12-09,2026-03-31,False
ST1276,81,22,12.608181671400674,0,1,11.59,1.74,27.16,상대동 아이파크시티 1단지 102동 앞,유성구,-0.079,10414.0,2024-08-01,2026-04-01,False
ST0885,652,157,82.24224140684,0,2,11.47,1.91,24.08,문지동 GS칼텍스 기술연구소,유성구,-0.049,4495.0,2024-08-01,2026-03-31,True
ST1352,1866,458,248.7177838644446,133,8,11.22,1.84,24.54,도룡동 성심당 DCC점,유성구,0.0,13672.0,2024-12-01,2026-03-31,True
ST1067,5477,1221,614.5190441507873,573,12,11.07,1.99,22.29,중앙로역 3번출구,중구,-0.058,24650.0,2024-08-01,2026-03-31,True
ST0879,163,46,28.054268261142862,0,1,11.01,1.64,28.22,도마동 호반써밋(1104동),서구,-0.056,14665.0,2024-08-01,2026-04-01,False
ST0188,1225,243,110.96451566739321,18,3,10.78,2.19,19.84,어은동 한국생명공학연구원 입구,유성구,0.182,11785.0,2024-08-01,2026-03-31,True
ST1138,2781,737,440.90403681165566,171,6,10.65,1.67,26.5,도안동 갑천3블럭 트리풀시티(302동),서구,-0.009,16813.0,2024-08-01,2026-03-31,True
ST1028,1802,410,220.1897616873043,67,6,10.53,1.86,22.75,만년동 둔산대공원 입구(버스정류장),서구,0.107,15488.0,2024-08-01,2026-03-31,True
ST0984,734,128,52.97192852485186,0,2,10.22,2.42,17.44,문지동 싸이언스빌3가 대덕벤처협동화단지,유성구,-0.259,7005.0,2024-08-01,2026-03-31,True
ST1484,39,9,5.037996398077244,0,1,10.16,1.79,23.08,관저동 관저네거리,서구,-0.002,2337.0,2025-10-18,2026-03-31,False
ST0067,2202,508,285.4438006215023,207,6,10.11,1.78,23.07,삼성동 솔브릿지 국제대학,동구,0.362,14150.0,2024-08-01,2026-03-31,True
ST1424,357,79,42.98229042344103,18,3,10.09,1.84,22.13,중동 중앙시장 제3공영주차장,동구,-0.016,5605.0,2025-05-29,2026-03-31,True
ST0377,3513,769,421.6054368512321,185,8,9.89,1.82,21.89,구성동 카이스트 정문,유성구,0.598,18107.0,2024-08-01,2026-03-31,True
ST0412,7192,1060,356.0158364139605,376,13,9.79,2.98,14.74,도룡동 무역전시관입구(미래에너지움 앞),유성구,0.026,55220.0,2024-08-01,2026-03-31,True
ST1376,843,190,108.68808827518185,0,2,9.65,1.75,22.54,용두동 오룡역 5번출구,중구,0.285,11395.0,2024-12-30,2026-03-31,True
ST0384,408,81,42.04723347905117,0,1,9.55,1.93,19.85,둔산동 대전시청(북문),서구,0.607,10038.0,2024-08-01,2026-03-31,True
ST0100,571,120,66.17898636657495,0,2,9.43,1.81,21.02,월평동 대전교통공사,서구,-0.066,8947.0,2024-08-01,2026-03-31,True
ST0926,408,76,37.58437063018053,0,1,9.42,2.02,18.63,용산동 충남대학교 산학협력지원센터,유성구,0.028,5735.0,2024-08-01,2026-03-31,True
ST1031,489,124,78.33578453131665,0,1,9.34,1.58,25.36,둔산동 정부청사 입구(대덕대로),서구,0.038,8299.0,2024-08-01,2026-03-31,True
ST1416,292,62,34.89587817631337,0,1,9.28,1.78,21.23,변동 향우네거리,서구,-0.072,8982.0,2025-03-24,2026-04-01,True
ST0079,733,170,102.37023773294283,18,3,9.23,1.66,23.19,오정동 한남육교 아래,대덕구,-0.818,11959.0,2024-08-01,2026-03-31,True
ST0748,164,47,32.14760908149576,0,1,9.06,1.46,28.66,복수동 복수남로 사정교 방면 네거리,서구,-0.187,11884.0,2024-08-01,2026-03-31,False
ST1264,81,21,13.691897972405407,0,1,9.02,1.53,25.93,탄방동 대전 도산서원입구,서구,-0.086,10018.0,2024-08-01,2026-03-31,False
ST1443,382,81,46.7682303161842,3,3,8.96,1.73,21.2,어은동 한빛아파트(126동 앞),유성구,-0.133,3787.0,2025-10-24,2026-04-01,True
ST1229,408,61,25.079732338123584,0,1,8.8,2.43,14.95,탑립동 가나리더스텔2,유성구,-0.003,6448.0,2024-08-01,2026-03-31,True
ST0042,327,79,50.336893444796544,0,1,8.77,1.57,24.16,오류동 하나은행,중구,0.012,11615.0,2024-08-01,2026-03-31,True
ST0142,162,42,27.924295484825347,0,1,8.69,1.5,25.93,문평동 3.4공단 문평근린공원,대덕구,0.274,3977.0,2024-08-01,2026-03-31,False
ST0186,245,54,32.841871354971545,0,1,8.64,1.64,22.04,장동 한국에너지기술연구원 입구,유성구,0.056,4283.0,2024-08-01,2026-03-31,True
ST0119,82,20,12.957522400886482,0,1,8.59,1.54,24.39,탄방동 e편한세상(102동),서구,-0.145,11725.0,2024-08-01,2026-03-31,False
ST0184,1876,426,266.6998471976107,39,4,8.49,1.6,22.71,신성동 대림두레(101동),유성구,-0.077,14837.0,2024-08-01,2026-04-01,True
ST0435,408,74,39.52028114905295,0,1,8.45,1.87,18.14,둔산동 더캐피탈웨딩,서구,0.25,7589.0,2024-08-01,2026-03-31,True
ST0916,81,20,13.167768808795326,0,1,8.43,1.52,24.69,오정동 대덕구청,대덕구,-0.33,6525.0,2024-08-01,2026-03-31,False
ST0185,816,160,92.54279903410983,0,2,8.27,1.73,19.61,신성동 연구단지운동장 건너편,유성구,-0.009,11286.0,2024-08-01,2026-04-01,True
ST0431,1881,450,297.0705676176256,132,4,8.13,1.51,23.92,맘스터치 대전둔산점,서구,-0.201,12882.0,2024-08-01,2026-03-31,True
ST0448,898,183,110.41767372101751,0,2,8.08,1.66,20.38,서구 만년동 10(만년고 뒤편),서구,-0.026,12638.0,2024-08-01,2026-03-31,True
ST0015,82,22,15.425425722956085,0,1,8.02,1.43,26.83,둔산동 수정타운아파트(1동),서구,0.25,9539.0,2024-08-01,2026-03-31,False
ST0201,163,43,30.00876686230862,0,1,7.97,1.43,26.38,봉명동 호텔인터시티,유성구,-0.066,12898.0,2024-08-01,2026-04-01,False
ST0394,246,54,34.863514921627,0,1,7.78,1.55,21.95,탄방동 공작한양아파트 11동,서구,-0.253,10877.0,2024-08-01,2026-03-31,True
ST1216,246,59,40.07190132322402,12,3,7.69,1.47,23.98,용산동 대덕 현대 프리미엄 쇼핑몰,유성구,0.002,8457.0,2024-08-01,2026-03-31,True
ST1434,1168,214,124.35130935614796,66,9,7.68,1.72,18.32,구성동 카이스트 오리연못,유성구,-0.003,5404.0,2025-09-08,2026-03-31,True
ST1485,75,15,9.368402935184921,0,1,7.51,1.6,20.0,관저동 건양대학교 청림학사,서구,-0.012,2055.0,2025-10-18,2026-03-31,False
ST0137,2617,522,326.25043736242355,69,7,7.48,1.6,19.95,용산동 미래남교(현대아울렛 방면),유성구,0.003,15562.0,2024-08-01,2026-03-31,True
ST1066,4333,665,345.2247156408432,154,8,7.38,1.93,15.35,가정동 국립중앙과학관,유성구,-0.156,24955.0,2024-08-01,2026-03-31,True
ST0522,408,92,62.05552318466546,0,1,7.34,1.48,22.55,문화동 동산고등학교(문화1동 행정복지센터 건너편),중구,0.019,8010.0,2024-08-01,2026-03-31,True
ST0327,1960,409,266.6980740937577,31,5,7.26,1.53,20.87,전민동 엑스포아파트 4단지(407동),유성구,-0.257,16629.0,2024-08-01,2026-04-01,True
ST1201,244,56,38.341085793239984,0,1,7.24,1.46,22.95,대화동 복합문화센터,대덕구,0.021,2423.0,2024-08-01,2026-03-31,True
ST1033,5142,655,290.0952219318543,192,12,7.1,2.26,12.74,둔산동 정부청사 입구(남문),서구,-2.191,35659.0,2024-08-01,2026-04-01,True
ST0326,979,176,107.61625641335479,0,2,6.99,1.64,17.98,전민동 엑스포아파트 4단지 건너편,유성구,-0.028,13226.0,2024-08-01,2026-03-31,True
ST0463,900,213,151.2113304175109,0,2,6.87,1.41,23.67,가수원동 도미노피자 대전도안점,서구,-0.094,13396.0,2024-08-01,2026-03-31,True
ST1450,603,95,54.08063651078825,13,4,6.79,1.76,15.75,구성동 카이스트 나노종합기술원,유성구,-0.003,3403.0,2025-10-18,2026-03-31,True
ST1421,1069,189,116.95974945999852,47,4,6.74,1.62,17.68,선화동 대전하늘채스카이앤2차,중구,-0.096,9798.0,2025-04-23,2026-03-31,True
ST0425,2369,492,332.98842429091025,116,5,6.71,1.48,20.77,둔산동 둥지아파트(107동),서구,-0.131,16979.0,2024-08-01,2026-04-01,True
ST0329,1550,322,218.60504253256556,25,4,6.67,1.47,20.77,전민동 행정복지센터 건너편,유성구,-0.131,16194.0,2024-08-01,2026-03-31,True
ST1034,82,19,13.541472273149767,0,1,6.66,1.4,23.17,둔산동 정부청사 입구(샘머리),서구,0.108,8124.0,2024-08-01,2026-03-31,False
ST0398,3190,613,403.66486973739296,99,6,6.56,1.52,19.22,도룡동 엑스포과학공원,유성구,0.049,17009.0,2024-08-01,2026-03-31,True
ST0091,81,19,13.697241898496367,0,1,6.55,1.39,23.46,둔산동 목련아파트 정류장(301동),서구,0.156,6494.0,2024-08-01,2026-03-31,False
ST0951,326,72,50.718995878181865,0,1,6.53,1.42,22.09,신일동 을미기체육공원,대덕구,-0.096,6634.0,2024-08-01,2026-03-31,True
ST0375,6044,752,357.28953095090856,226,11,6.53,2.1,12.44,구성동 카이스트 창의학습관,유성구,-0.734,39898.0,2024-08-01,2026-03-31,True
ST0379,408,55,28.45537469520334,0,1,6.51,1.93,13.48,둔산동 캐피탈 타워,서구,0.058,9639.0,2024-08-01,2026-03-31,True
ST0705,572,117,79.85160717998707,0,2,6.49,1.47,20.45,월평동 사정어린이공원,서구,-0.143,13011.0,2024-08-01,2026-04-01,True
ST0825,1472,340,245.1181924019126,56,4,6.45,1.39,23.1,오정동 오정농수산물 도매시장,대덕구,0.311,13879.0,2024-08-01,2026-03-31,True
ST0128,82,20,14.745763841999494,0,1,6.41,1.36,24.39,탄방동 서부농협본점,서구,0.428,9877.0,2024-08-01,2026-04-01,False
ST1065,734,142,95.91343061615463,0,1,6.28,1.48,19.35,상대동 상대초등학교,유성구,0.082,13523.0,2024-08-01,2026-03-31,True
ST0151,3762,713,480.3938730767508,243,7,6.18,1.48,18.95,관평동 티플라자,유성구,-0.416,19476.0,2024-08-01,2026-03-31,True
ST0289,1795,353,242.86461061329322,40,4,6.14,1.45,19.67,중리동 한남대학교 후문,대덕구,-0.388,17941.0,2024-08-01,2026-03-31,True
ST0707,245,52,37.249031973955425,0,1,6.02,1.4,21.22,갈마동 갈마초교삼거리(갈마네거리방면) 정류장,서구,0.005,11496.0,2024-08-01,2026-03-31,True
ST1079,243,55,40.3734596428886,0,2,6.02,1.36,22.63,탄방동 남선공원 종합체육관,서구,0.112,9494.0,2024-08-01,2026-03-31,True
ST1058,7759,1125,658.5530806983044,361,10,6.01,1.71,14.5,어은동 카이스트 학사식당,유성구,0.703,35234.0,2024-08-01,2026-04-01,True
ST0465,983,221,163.24903803131912,6,3,5.87,1.35,22.48,도안동 엠케이빌딩,서구,-0.047,13481.0,2024-08-01,2026-03-31,True
ST1296,2017,313,195.0283413678917,51,5,5.85,1.6,15.52,선화동 소청일번가 상가 앞,중구,-0.295,12329.0,2025-03-04,2026-04-01,True
ST0769,1146,249,181.95721470445088,16,4,5.85,1.37,21.73,봉명동 유성온천역 8번출구,유성구,0.003,14421.0,2024-08-01,2026-03-31,True
ST0689,81,18,13.269723062618045,0,1,5.84,1.36,22.22,탄방역 5번출구,서구,0.056,9552.0,2024-08-01,2026-03-31,False
ST0404,653,150,112.16385087709543,0,2,5.79,1.34,22.97,봉명동 한진오피스텔,유성구,0.105,14984.0,2024-08-01,2026-03-31,True
ST1280,572,129,95.98790256910024,0,1,5.77,1.34,22.55,관평동 한화 꿈에그린 10단지(1004동 앞),유성구,-0.39,14347.0,2024-08-01,2026-03-31,True
ST0069,736,171,129.66831464733826,0,2,5.62,1.32,23.23,용전동 대전복합버스터미널,동구,-0.01,12116.0,2024-08-01,2026-03-31,True
ST0447,6130,919,576.5758909464491,214,7,5.59,1.59,14.99,만년동 갑천네거리,서구,-0.065,27530.0,2024-08-01,2026-04-01,True
ST0396,162,38,28.95079917029704,0,1,5.59,1.31,23.46,목동더샵리슈빌 정문,중구,-0.075,10835.0,2024-08-01,2026-03-31,False
ST0453,3268,681,499.37829375165256,130,7,5.56,1.36,20.84,만년동 엑스포오피스텔,서구,-0.051,17008.0,2024-08-01,2026-03-31,True
ST0627,1473,299,218.11398288379647,31,4,5.49,1.37,20.3,소제동 대전역 동광장 버스정류장,동구,-0.061,13816.0,2024-08-01,2026-03-31,True
ST0685,5396,895,599.7584263294341,227,9,5.47,1.49,16.59,대흥동네거리 (중앙로역 방면),중구,-0.883,27238.0,2024-08-01,2026-03-31,True
ST0328,2287,401,276.6510275260056,82,4,5.44,1.45,17.53,문지동 민마루근린공원 ,유성구,-0.072,17775.0,2024-08-01,2026-03-31,True
ST0462,246,49,35.7887484720258,0,1,5.37,1.37,19.92,봉명동 투유아파트 1차,유성구,-0.08,11783.0,2024-08-01,2026-03-31,True
ST0708,82,20,15.610420183079881,0,1,5.35,1.28,24.39,갈마동 갈마네거리(갈마초방면) 정류장,서구,-0.045,10082.0,2024-08-01,2026-04-01,False
ST0374,5225,858,583.8422064373545,172,8,5.25,1.47,16.42,구성동 카이스트 다솜관,유성구,0.014,25817.0,2024-08-01,2026-04-01,True
ST1246,328,66,48.851387109084705,0,2,5.23,1.35,20.12,월평동 하나로아파트 101동 앞,서구,-0.038,13028.0,2024-08-01,2026-04-01,True
ST0733,981,175,123.89656640941288,10,4,5.21,1.41,17.84,용문역 6번출구(둔산전자타운),서구,-0.065,11229.0,2024-08-01,2026-03-31,True
ST0406,8171,916,491.2576915243608,224,8,5.2,1.86,11.21,봉명동 홈플러스 유성점,유성구,0.203,42973.0,2024-08-01,2026-03-31,True
ST1016,8088,926,508.6733706741982,305,15,5.16,1.82,11.45,궁동 충남대학교 학생회관,유성구,-0.236,56495.0,2024-08-01,2026-04-01,True
ST0238,82,21,16.784890840352844,0,1,5.14,1.25,25.61,도안동 도안 17단지 계룡리슈빌(1710동),서구,-0.075,13082.0,2024-08-01,2026-04-01,False
ST0347,164,36,27.57698192363698,0,1,5.14,1.31,21.95,상대동 목련아파트 2단지 입구,유성구,0.397,10297.0,2024-08-01,2026-03-31,False
ST1038,3352,614,444.0927429129018,151,10,5.07,1.38,18.32,둔산동 둔산여고,서구,0.012,17256.0,2024-08-01,2026-03-31,True
ST0941,653,138,104.87117602898026,0,2,5.07,1.32,21.13,송강동 송강초등학교,유성구,-0.042,11183.0,2024-08-01,2026-03-31,True
ST1021,8091,1093,684.1961022136569,222,10,5.05,1.6,13.51,궁동 버스정류장(유성구청 방향),유성구,-0.019,36958.0,2024-08-01,2026-04-01,True
ST1051,6376,958,636.9092118058674,260,9,5.04,1.5,15.03,월평역 이마트 트레이더스,서구,-0.173,28982.0,2024-08-01,2026-04-01,True
ST0138,3351,640,472.9350711877531,135,6,4.99,1.35,19.1,관평동 테크노타워,유성구,-0.362,17973.0,2024-08-01,2026-04-01,True
ST0464,4088,716,512.6978956765843,199,7,4.97,1.4,17.51,가수원동 올리브영 대전가수원점,서구,-0.08,20910.0,2024-08-01,2026-03-31,True
ST1468,293,56,41.458850215627606,0,2,4.96,1.35,19.11,월평동 은뜰마을아파트 201동 앞,서구,-0.035,2792.0,2025-10-24,2026-03-31,True
ST0134,654,139,106.7565936295135,0,2,4.93,1.3,21.25,월평동 한국마사회 빌딩,서구,-0.073,13421.0,2024-08-01,2026-03-31,True
ST0150,3432,600,432.1002904958116,169,6,4.89,1.39,17.48,관평동 롯데마트대덕점(관평중학교 방면) 정류장,유성구,-0.161,18094.0,2024-08-01,2026-03-31,True
ST0735,4414,763,548.0005242637761,194,9,4.87,1.39,17.29,용문동 롯데백화점 뒤 우정어린이공원,서구,-0.561,23524.0,2024-08-01,2026-04-01,True
ST0107,1388,281,216.54255342850416,36,3,4.64,1.3,20.24,원동 중앙시장 공영주차장,동구,-0.061,10939.0,2024-08-01,2026-03-31,True
ST0410,2453,479,365.6519822134383,114,7,4.62,1.31,19.53,오류동 서대전네거리역 3번출구,중구,0.262,17578.0,2024-08-01,2026-03-31,True
ST0200,1719,359,280.46284924257714,76,6,4.57,1.28,20.88,봉명동 사이언스타운,유성구,-0.087,15898.0,2024-08-01,2026-04-01,True
ST0670,4824,886,666.7415323103457,256,8,4.55,1.33,18.37,가양동 동부터미널건너편 선샤인호텔 웨딩홀,동구,-0.03,19503.0,2024-08-01,2026-04-01,True
ST1052,4410,832,631.835521637485,202,8,4.54,1.32,18.87,궁동 충남대학교 입구 버스정류장(황금상회),유성구,-0.023,21328.0,2024-08-01,2026-03-31,True
ST0409,244,55,43.93708715130265,0,1,4.53,1.25,22.54,오류동 서대전역 삼성스토어 앞,중구,-0.091,12457.0,2024-08-01,2026-03-31,True
ST0766,4332,758,563.5029769421811,180,7,4.49,1.35,17.5,봉명동 스카이뷰로드오피스텔 건너편,유성구,-0.063,23127.0,2024-08-01,2026-04-01,True
ST0313,409,88,69.70981414477811,0,2,4.47,1.26,21.52,유천동 서대전농협 본점 주차장,중구,-0.098,12079.0,2024-08-01,2026-04-01,True
ST1227,2369,461,355.2703732380627,57,4,4.46,1.3,19.46,중리동 한밭캠퍼스빌오피스텔,대덕구,-0.351,18694.0,2024-08-01,2026-03-31,True
ST0122,1472,285,219.2873369774693,21,5,4.46,1.3,19.36,용문동 리베라아이누리 1단지(101동),서구,-0.038,14473.0,2024-08-01,2026-03-31,True
ST0600,326,65,50.516216503424424,0,1,4.44,1.29,19.94,중촌동 중촌네거리(목동우체국 방면),중구,0.11,11651.0,2024-08-01,2026-04-01,True
ST1243,4739,816,609.1190187455106,151,7,4.37,1.34,17.22,내동 맑은아침아파트 121동 입구,서구,-0.579,22889.0,2024-08-01,2026-04-01,True
ST0191,9071,963,568.0380404634382,312,12,4.35,1.7,10.62,어은동 유성구청,유성구,0.007,46574.0,2024-08-01,2026-04-01,True
ST0952,1225,189,135.88341962050305,0,2,4.34,1.39,15.43,목상동 다사랑아파트 104동,대덕구,-0.145,13164.0,2024-08-01,2026-03-31,True
ST0341,81,19,15.493280287666288,0,1,4.33,1.23,23.46,대동 새들뫼 1단지 입구(104동),동구,-0.03,9076.0,2024-08-01,2026-03-31,False
ST0456,4325,693,506.988759742736,221,10,4.3,1.37,16.02,둔산동 둔산경찰서(대덕대로),서구,-0.065,20263.0,2024-08-01,2026-03-31,True
ST0865,736,148,116.45167490322522,0,2,4.29,1.27,20.11,도마동 효성타운아파트 입구 정류장,서구,-0.086,14239.0,2024-08-01,2026-03-31,True
ST0195,4005,769,598.2205333076956,161,8,4.26,1.29,19.2,봉명동 홍인 오피스텔,유성구,0.103,19420.0,2024-08-01,2026-03-31,True
ST0013,3842,699,536.9719893165926,128,9,4.22,1.3,18.19,둔산동 세이브존,서구,-0.019,18766.0,2024-08-01,2026-04-01,True
ST0432,4417,753,567.2221044185621,185,8,4.21,1.33,17.05,둔산동 샘머리아파트(107동),서구,-0.115,21653.0,2024-08-01,2026-03-31,True
ST0363,653,122,94.60781973899061,0,1,4.19,1.29,18.68,둔산동 을지대학병원,서구,0.014,9665.0,2024-08-01,2026-03-31,True
ST1110,978,190,149.02327380131595,0,2,4.19,1.27,19.43,신성동 수천이들근린공원,유성구,-0.274,14181.0,2024-08-01,2026-03-31,True
ST1257,7763,1125,802.9134265891382,261,10,4.15,1.4,14.49,궁동 유성문화원,유성구,-0.082,31659.0,2024-08-01,2026-03-31,True
ST1046,1146,231,183.67215512970324,9,3,4.13,1.26,20.16,관평동 북대전농협 관평지점,유성구,-0.08,13116.0,2024-08-01,2026-03-31,True
ST0875,2860,550,433.09189996532723,77,5,4.09,1.27,19.23,태평동 버드내1단지아파트 입구,중구,-0.115,17930.0,2024-08-01,2026-03-31,True
ST1151,163,34,27.441864410580873,0,1,4.02,1.24,20.86,둔산동 서구청,서구,0.089,7219.0,2024-08-01,2026-03-31,False
ST0020,2860,514,399.31200308720906,48,5,4.01,1.29,17.97,만년동 기업은행,서구,-0.084,18838.0,2024-08-01,2026-04-01,True
ST0958,980,199,159.7412631467622,6,3,4.01,1.25,20.31,신흥동 SK뷰(106동),동구,-0.337,13415.0,2024-08-01,2026-03-31,True
ST0702,408,79,62.66419447004276,0,1,4.0,1.26,19.36,월평동 갈마역3번출구,서구,0.049,11011.0,2024-08-01,2026-03-31,True
ST0524,163,31,24.510770688936407,0,1,3.98,1.26,19.02,태평동 한국정형외과 ,중구,-0.077,11535.0,2024-08-01,2026-04-01,False
ST0132,6866,865,592.4255341887746,269,12,3.97,1.46,12.6,둔산동 향촌아파트(101동),서구,0.014,30845.0,2024-08-01,2026-04-01,True
ST0747,979,186,147.24611996083715,0,2,3.96,1.26,19.0,봉산동 송강프라자 대각선 건너편,유성구,-0.185,14023.0,2024-08-01,2026-03-31,True
ST0192,9069,1010,652.1060325340541,275,9,3.95,1.55,11.14,궁동 다솔아파트 입구,유성구,-0.108,41993.0,2024-08-01,2026-03-31,True
ST0770,4986,790,593.0216242625381,151,8,3.95,1.33,15.84,봉명동 유성온천역 2번출구,유성구,-0.101,23620.0,2024-08-01,2026-04-01,True
ST1023,7844,894,585.2217784894166,296,10,3.94,1.53,11.4,봉명동 매드블럭,유성구,-0.11,39392.0,2024-08-01,2026-03-31,True
ST1242,408,74,57.92583175373194,0,1,3.94,1.28,18.14,전민동 청구 나래아파트 103동 앞,유성구,-0.129,9868.0,2024-08-01,2026-03-31,True
ST0764,8663,1005,665.3521896681157,239,10,3.92,1.51,11.6,어은동 어은치안센터 입구,유성구,-0.238,41148.0,2024-08-01,2026-04-01,True
ST0288,574,110,87.64217454475312,3,3,3.9,1.26,19.16,정림동 서구국민체육센터,서구,-0.037,11503.0,2024-08-01,2026-03-31,True
ST1139,4909,808,616.3417118489078,181,7,3.9,1.31,16.46,태평동 동양파라곤 302동,중구,-0.533,22986.0,2024-08-01,2026-03-31,True
ST0199,5722,793,570.8960336384712,185,12,3.88,1.39,13.86,봉명동 하이랜드 1차,유성구,-0.094,28196.0,2024-08-01,2026-03-31,True
ST0198,5723,795,573.8605262996942,170,12,3.86,1.39,13.89,봉명동 노블레스3,유성구,-0.082,27998.0,2024-08-01,2026-04-01,True
ST1080,326,68,55.58633670508314,0,1,3.81,1.22,20.86,둔산동 대전근로자종합복지회관,서구,0.009,7515.0,2024-08-01,2026-03-31,True
ST0097,7191,861,587.9225286910973,250,11,3.8,1.46,11.97,월평동 월평역 2번출구,서구,-0.072,32884.0,2024-08-01,2026-03-31,True
ST0737,4173,712,554.8862976804837,197,9,3.77,1.28,17.06,괴정동 롯데백화점,서구,-0.149,20177.0,2024-08-01,2026-03-31,True
ST0768,4416,723,558.3482794408633,172,9,3.73,1.29,16.37,봉명동 유성온천역 7번출구,유성구,-0.068,20284.0,2024-08-01,2026-03-31,True
ST0449,5967,817,595.2301598888571,234,9,3.72,1.37,13.69,만년동 초원아파트105동 육교 밑,서구,0.021,29667.0,2024-08-01,2026-03-31,True
ST1039,7517,659,379.6326524337133,231,9,3.72,1.74,8.77,둔산동 타임월드,서구,-0.056,48902.0,2024-08-01,2026-04-01,True
ST0012,2533,460,365.9913172804789,53,4,3.71,1.26,18.16,둔산동 시청역 8번출구,서구,-0.012,17906.0,2024-08-01,2026-03-31,True
ST0194,82,17,13.970043917795723,0,1,3.7,1.22,20.73,봉명동 현대리조텔,유성구,-0.157,12425.0,2024-08-01,2026-03-31,False
ST1018,3835,754,612.1830553437592,75,4,3.7,1.23,19.66,장대동 장대네거리(학사마을) ,유성구,0.575,20220.0,2024-08-01,2026-03-31,True
ST0196,653,124,100.0866948395887,0,2,3.66,1.24,18.99,봉명동 유성온천역 1번출구,유성구,0.009,11839.0,2024-08-01,2026-03-31,True
ST0127,980,185,149.42575842932217,0,2,3.63,1.24,18.88,탄방동 롯데백화점 건너편 골드뱅크,서구,0.005,15750.0,2024-08-01,2026-03-31,True
ST0389,326,58,46.157847921618426,0,1,3.63,1.26,17.79,탄방동 탄방역 4번출구(대전종합고용지원센터),서구,0.54,8708.0,2024-08-01,2026-03-31,True
ST1045,245,47,38.23237336961185,0,1,3.58,1.23,19.18,중촌동 신수빌딩,중구,-0.126,8712.0,2024-08-01,2026-03-31,True
ST0017,1225,231,187.47849993485772,34,5,3.55,1.23,18.86,월평동 한아름아파트(108동),서구,-0.002,14787.0,2024-08-01,2026-03-31,True
ST0442,8091,1087,799.467781379517,271,11,3.55,1.36,13.43,둔산동 수정타운아파트 상가,서구,-0.285,32814.0,2024-08-01,2026-03-31,True
ST1020,4738,817,650.0654023877992,134,7,3.52,1.26,17.24,궁동 충대정문오거리1(정문),유성구,-0.014,20337.0,2024-08-01,2026-04-01,True
ST0125,2207,395,317.45152026458754,64,4,3.51,1.24,17.9,가장동 래미안 1단지 건너편(115동),서구,-0.173,18354.0,2024-08-01,2026-03-31,True
ST1155,5394,823,633.4413446186518,191,9,3.51,1.3,15.26,태평동 쌍용예가,중구,-0.094,24371.0,2024-08-01,2026-03-31,True
ST0407,7680,673,403.94604219812106,257,14,3.5,1.67,8.76,둔산동 하이마트,서구,-0.072,41211.0,2024-08-01,2026-04-01,True
ST0373,9150,718,400.8311509045493,201,14,3.47,1.79,7.85,구성동 카이스트 서쪽 쪽문,유성구,-0.364,59948.0,2024-08-01,2026-04-01,True
ST0543,81,18,15.19697225491597,0,1,3.46,1.18,22.22,대흥동 YWCA ,중구,0.0,10360.0,2024-08-01,2026-03-31,False
ST0126,5720,875,677.1769754115036,283,10,3.46,1.29,15.3,괴정동 롯데백화점 허리사랑병원,서구,-0.189,23252.0,2024-08-01,2026-03-31,True
ST0763,10623,846,482.71784481685916,182,12,3.42,1.75,7.96,어은동 한빛아파트(126동 건너편),유성구,-0.346,61878.0,2024-08-01,2026-04-01,True
ST1075,7189,987,741.5335697406748,253,10,3.41,1.33,13.73,용문역 5번출구,서구,-0.488,28790.0,2024-08-01,2026-04-01,True
ST0005,4250,673,528.1330267084438,186,8,3.41,1.27,15.84,둔산동 목련아파트(103동),서구,0.117,18573.0,2024-08-01,2026-03-31,True
ST0466,5473,850,664.6947211602733,277,11,3.39,1.28,15.53,둔산동 SK브로드밴드,서구,-0.005,21596.0,2024-08-01,2026-04-01,True
ST0892,4576,789,634.8388880702769,130,7,3.37,1.24,17.24,죽동 노브랜드,유성구,0.002,19778.0,2024-08-01,2026-03-31,True
ST1225,4660,724,567.5340250700992,154,7,3.36,1.28,15.54,월평동 진달래아파트 상가 앞,서구,-0.077,22315.0,2024-08-01,2026-03-31,True
ST1192,8337,1145,865.2480171250432,294,12,3.36,1.32,13.73,가장동 래미안 210동 건너편(스타벅스 옆),서구,-0.925,33376.0,2024-08-01,2026-04-01,True
ST1183,245,52,43.77162698902261,0,1,3.36,1.19,21.22,홍도동 홍도아파트 버스정류장,동구,0.017,9720.0,2024-08-01,2026-03-31,True
ST0011,1718,333,275.51130039259203,21,3,3.35,1.21,19.38,탄방동 공무원연금공단 대전지부,서구,0.094,14605.0,2024-08-01,2026-03-31,True
ST0093,654,106,84.35789859038677,6,3,3.31,1.26,16.21,월평동 갈마역 4번출구,서구,-0.019,9678.0,2024-08-01,2026-03-31,True
ST0003,2780,503,410.91332268180514,93,5,3.31,1.22,18.09,탄방동 한사랑병원,서구,-0.044,14627.0,2024-08-01,2026-04-01,True
ST1024,7437,1036,793.1204360891829,266,10,3.27,1.31,13.93,만년동 행정복지센터,서구,-0.084,29946.0,2024-08-01,2026-03-31,True
ST0025,7518,1087,843.6089272203543,331,14,3.24,1.29,14.46,둔산동 큰마을네거리,서구,-0.089,29076.0,2024-08-01,2026-04-01,True
ST0083,489,98,82.18313610959747,0,2,3.23,1.19,20.04,대동 대동역 1번출구,동구,-0.056,11894.0,2024-08-01,2026-04-01,True
ST0525,8257,1173,906.792234041051,314,8,3.22,1.29,14.21,태평동 유등마을(112동),중구,-0.29,30340.0,2024-08-01,2026-03-31,True
ST1070,489,91,75.37105573133746,0,1,3.2,1.21,18.61,상대동 도안 5단지 트리풀시티(509동),유성구,-0.023,11988.0,2024-08-01,2026-03-31,True
ST1030,900,169,140.17189683745744,6,3,3.2,1.21,18.78,월평동 백합아파트(성룡초교),서구,0.04,12914.0,2024-08-01,2026-03-31,True
ST0152,2369,455,379.53938735435247,31,4,3.19,1.2,19.21,복수동 초록마을아파트 3단지,서구,-0.484,16778.0,2024-08-01,2026-03-31,True
ST0051,408,71,58.134545155082726,0,2,3.15,1.22,17.4,목동 한사랑아파트 109동,중구,2.762,11697.0,2024-08-01,2026-03-31,True
ST1032,6617,789,581.3271972477979,210,10,3.14,1.36,11.92,둔산동 정부청사역 4번출구,서구,0.783,32457.0,2024-08-01,2026-03-31,True
ST1172,8092,980,725.9206545602126,242,11,3.14,1.35,12.11,월평동 다모아아파트 상가,서구,0.077,35902.0,2024-08-01,2026-03-31,True
ST0193,8253,922,662.4466085376108,287,9,3.14,1.39,11.17,궁동 온천교(충남대학교 방면),유성구,-0.075,35110.0,2024-08-01,2026-04-01,True
ST1111,1961,338,277.3638733482013,21,3,3.09,1.22,17.24,태평동 계룡육교 아래,중구,-0.157,16673.0,2024-08-01,2026-03-31,True
ST0710,163,33,27.985540382421764,0,1,3.08,1.18,20.25,둔산동 향촌아파트 116동 정류장,서구,-0.024,9801.0,2024-08-01,2026-03-31,False
ST0446,8497,814,552.6664139962886,296,16,3.08,1.47,9.58,월평동 미래빌딩,서구,-0.04,41850.0,2024-08-01,2026-03-31,True
ST0376,4574,715,574.7422729287738,176,8,3.07,1.24,15.63,구성동 카이스트 세종관,유성구,-0.012,22306.0,2024-08-01,2026-04-01,True
ST0323,1551,277,229.61909456112136,18,3,3.05,1.21,17.86,변동 변동네거리(복음천하교회),서구,-0.262,16475.0,2024-08-01,2026-04-01,True
ST0065,7763,898,661.5853682856593,284,9,3.05,1.36,11.57,정동 대전역(대한통운 건너편),동구,-0.149,34092.0,2024-08-01,2026-03-31,True
ST1239,7111,995,779.6244855950749,257,11,3.03,1.28,13.99,봉명동 자이아파트 GS25 앞,유성구,-0.124,29036.0,2024-08-01,2026-04-01,True
ST1077,81,18,15.554715201045296,0,1,3.02,1.16,22.22,오룡역 7번출구,중구,-0.003,9450.0,2024-08-01,2026-04-01,False
ST0320,6457,851,656.2366512130686,243,11,3.02,1.3,13.18,태평동 삼부프라자,중구,-0.288,28626.0,2024-08-01,2026-04-01,True
ST0036,164,30,25.073713513986,0,2,3.0,1.2,18.29,문화동 홈플러스,중구,0.028,10108.0,2024-08-01,2026-03-31,False
ST0321,327,70,60.240215804798844,0,1,2.98,1.16,21.41,유천동 태평초등학교,중구,-0.087,13329.0,2024-08-01,2026-03-31,True
ST0433,3924,632,516.6216519254546,119,6,2.94,1.22,16.11,둔산동 하이투자증권,서구,-0.031,18162.0,2024-08-01,2026-03-31,True
ST1041,5477,782,621.1485931948001,167,8,2.94,1.26,14.28,둔산동 둔산청솔아파트(9동),서구,0.009,25160.0,2024-08-01,2026-03-31,True
ST0008,7927,980,748.149733204013,292,9,2.92,1.31,12.36,둔산동 농협 둔산중앙지점,서구,-0.014,31934.0,2024-08-01,2026-03-31,True
ST0765,1389,259,218.8834093234176,0,2,2.89,1.18,18.65,궁동 충남대학교(온천교 방면),유성구,0.019,17186.0,2024-08-01,2026-03-31,True
ST0949,653,112,93.3388908761,0,1,2.86,1.2,17.15,문평동 옥봉 신탄진물류센터,대덕구,-0.063,4154.0,2024-08-01,2026-03-31,True
ST0014,6132,915,741.5511269922291,201,6,2.83,1.23,14.92,둔산동 가람아파트 상가,서구,-0.122,25055.0,2024-08-01,2026-03-31,True
ST0362,653,89,70.53193600880446,0,1,2.83,1.26,13.63,둔산동 현대해상,서구,0.023,12763.0,2024-08-01,2026-03-31,True
ST0538,245,48,41.090528833017856,0,1,2.82,1.17,19.59,용두동 희영빌딩,중구,0.012,8443.0,2024-08-01,2026-03-31,True
ST0487,4419,709,586.4028609378133,125,6,2.77,1.21,16.04,장대동 장대공원 내 놀이터 옆,유성구,-0.189,22221.0,2024-08-01,2026-04-01,True
ST0392,3596,547,448.5359345772708,144,8,2.74,1.22,15.21,탄방동 한가람네거리 삼성디지털프라자,서구,-0.108,18455.0,2024-08-01,2026-03-31,True
ST0124,2288,392,329.37063537965827,38,4,2.74,1.19,17.13,용문동 용문역 3번출구,서구,0.019,17777.0,2024-08-01,2026-03-31,True
ST1196,4172,611,496.7904989105383,135,7,2.74,1.23,14.65,만년동 만년네거리 상록수아파트 104동,서구,0.063,21154.0,2024-08-01,2026-04-01,True
ST0094,6862,837,650.2689518905488,225,11,2.72,1.29,12.2,갈마동 갈마역 2번출구,서구,-0.045,28816.0,2024-08-01,2026-03-31,True
ST0333,3026,493,411.09583722606476,139,8,2.71,1.2,16.29,지족동 노은역 3번출구,유성구,0.114,17029.0,2024-08-01,2026-03-31,True
ST0482,7762,923,713.0523383919365,208,8,2.7,1.29,11.89,구암동 구암역 3번출구,유성구,-0.112,32141.0,2024-08-01,2026-03-31,True
ST0869,1469,254,214.66608170130633,31,4,2.68,1.18,17.29,유천동현대아파트(도마동 방면) 정류장,중구,-0.154,14751.0,2024-08-01,2026-03-31,True
ST0455,1797,279,231.09291470808603,16,4,2.67,1.21,15.53,만년동 왕가한정식,서구,-0.08,15104.0,2024-08-01,2026-03-31,True
ST1285,1962,360,308.1607404308421,36,5,2.64,1.17,18.35,월평1동 공영주차장 입구,서구,-0.031,17156.0,2024-08-01,2026-03-31,True
ST0445,6949,882,698.6110928903549,227,9,2.64,1.26,12.69,월평동 황실타운 상가,서구,-0.021,30286.0,2024-08-01,2026-03-31,True
ST0686,5393,779,637.8671512190907,218,9,2.62,1.22,14.44,오룡역 1번출구,중구,-0.042,24243.0,2024-08-01,2026-03-31,True
ST1037,571,103,88.07006698209133,0,2,2.61,1.17,18.04,월평동 진달래아파트 107동,서구,0.035,12152.0,2024-08-01,2026-04-01,True
ST0531,2860,493,419.96345134876316,94,4,2.55,1.17,17.24,태평동 새마을금고 태평본점 옆,중구,-0.061,17626.0,2024-08-01,2026-04-01,True
ST0393,3104,514,436.41765853176935,108,7,2.5,1.18,16.56,탄방동 한가람아파트,서구,-0.098,18249.0,2024-08-01,2026-03-31,True
ST0386,490,94,81.83735894184942,0,1,2.48,1.15,19.18,둔산동 오페라웨딩홀 건너편,서구,0.196,11733.0,2024-08-01,2026-04-01,True
ST0322,5231,659,529.3592774770362,136,9,2.48,1.24,12.6,태평동 버드내초등학교,중구,-0.481,24094.0,2024-08-01,2026-03-31,True
ST0050,1221,222,192.02068441959608,0,2,2.46,1.16,18.18,선화동 선화참좋은아파트(유안타증권),중구,0.086,12592.0,2024-08-01,2026-03-31,True
ST0062,1470,263,227.13844655225134,10,4,2.44,1.16,17.89,홍도동 새마을금고 본점 건너편,동구,-0.072,17056.0,2024-08-01,2026-04-01,True
ST0771,7518,1010,831.4049448006265,204,10,2.38,1.21,13.43,봉명동 유성온천역 4번출구,유성구,-0.035,28274.0,2024-08-01,2026-03-31,True
ST0096,489,87,75.47928274016635,0,1,2.36,1.15,17.79,월평동 월평역 1번출구,서구,-0.047,12251.0,2024-08-01,2026-03-31,True
ST1036,897,137,116.02963067008986,0,2,2.34,1.18,15.27,월평동 갑천역 1번출구,서구,0.346,13093.0,2024-08-01,2026-03-31,True
ST0687,8006,1016,831.0368647634283,290,15,2.31,1.22,12.69,용문역 1번출구,서구,-0.243,29818.0,2024-08-01,2026-03-31,True
ST0385,6211,781,638.0443549153049,230,7,2.3,1.22,12.57,둔산동 현대아이텔(시청역 6번출구),서구,-0.042,26259.0,2024-08-01,2026-04-01,True
ST1085,8662,931,731.48496541775,268,9,2.3,1.27,10.75,봉명동 유성온천역 6번출구,유성구,-0.017,35398.0,2024-08-01,2026-03-31,True
ST1232,244,46,40.46983092493868,0,1,2.27,1.14,18.85,대화동 가온비즈타워,대덕구,0.17,2644.0,2024-08-01,2026-03-31,True
ST0444,1307,221,191.64352817053984,0,2,2.25,1.15,16.91,월평동 둔산테크노(월평주공3단지 뒤편),서구,-0.021,13789.0,2024-08-01,2026-04-01,True
ST0511,1634,270,233.89166236057685,29,4,2.21,1.15,16.52,오류동 서대전네거리역 4번출구,중구,-0.038,16718.0,2024-08-01,2026-03-31,True
ST0434,1142,177,152.09342079742257,0,2,2.18,1.16,15.5,둔산동 호텔 그레이톤 둔산,서구,-0.005,12826.0,2024-08-01,2026-03-31,True
ST0416,1796,229,190.3757611979629,40,4,2.15,1.2,12.75,월평동 무지개아파트,서구,0.093,16771.0,2024-08-01,2026-03-31,True
ST0197,653,127,113.06367067666041,0,2,2.13,1.12,19.45,봉명동 노브랜드 유성온천점,유성구,0.024,10863.0,2024-08-01,2026-03-31,True
ST0203,408,73,64.30072608857441,0,2,2.13,1.14,17.89,봉명동 도안 2단지 호반베르디움(211동),유성구,0.061,10144.0,2024-08-01,2026-03-31,True
ST0505,1387,220,190.60720421472573,12,3,2.12,1.15,15.86,문화동 주공3단지아파트(302동),중구,-0.222,16783.0,2024-08-01,2026-03-31,True
ST0743,1227,197,171.37467172385078,9,3,2.09,1.15,16.06,송강동 송강동네거리 송강마을아파트 방면,유성구,-0.136,13301.0,2024-08-01,2026-03-31,True
ST0019,327,56,49.17752698083925,0,1,2.09,1.14,17.13,월평동 은평공원 테니스장 입구,서구,-0.017,11925.0,2024-08-01,2026-03-31,True
ST0886,245,46,40.915365731674086,0,1,2.08,1.12,18.78,장대동 드림월드아파트 102동(유성대로 방향),유성구,0.051,11598.0,2024-08-01,2026-04-01,True
ST0131,897,141,122.36785841332208,12,3,2.08,1.15,15.72,갈마동 경성큰마을아파트(46),서구,0.128,12954.0,2024-08-01,2026-03-31,True
ST0415,8335,748,575.4917036069855,218,11,2.07,1.3,8.97,월평동 선사유적지공용주차장,서구,-0.089,38790.0,2024-08-01,2026-04-01,True
ST0290,1469,189,159.89307502458334,21,3,1.98,1.18,12.87,오정동 국민연금공단 북대전지사 정류장,대덕구,-0.699,15612.0,2024-08-01,2026-03-31,True
ST0426,10214,835,636.9645870013032,230,9,1.94,1.31,8.18,둔산동 샘머리아파트(209동),서구,-0.114,48514.0,2024-08-01,2026-04-01,True
ST1056,7763,767,620.0536949660567,222,13,1.89,1.24,9.88,월평동 백합네거리,서구,0.012,35860.0,2024-08-01,2026-03-31,True
ST1029,2211,398,358.0319114961345,28,4,1.81,1.11,18.0,월평동 누리아파트(후문 버스정류장),서구,-0.002,14793.0,2024-08-01,2026-04-01,True
ST0408,8091,755,612.0180723389224,168,12,1.77,1.23,9.33,오류동 서대전역,중구,-0.03,37679.0,2024-08-01,2026-03-31,True
ST0118,571,104,94.18145812124553,0,2,1.72,1.1,18.21,탄방동 e편한세상(109동),서구,0.065,13077.0,2024-08-01,2026-04-01,True
ST0395,1061,168,150.05055383577718,6,3,1.69,1.12,15.83,둔산동 국화아파트(501동),서구,-0.068,13559.0,2024-08-01,2026-03-31,True
ST0357,407,69,62.75062633684851,0,2,1.54,1.1,16.95,삼성동 대전축산농협,동구,-0.115,12572.0,2024-08-01,2026-03-31,True
ST0022,408,64,57.99266196751168,0,1,1.47,1.1,15.69,봉명동 유성한가족 요양병원 소공원,유성구,-0.007,9614.0,2024-08-01,2026-04-01,True
ST0383,816,125,113.06811202117464,0,2,1.46,1.11,15.32,둔산동 수정타운아파트(13동)(37),서구,0.864,13559.0,2024-08-01,2026-04-01,True
ST0007,816,132,120.29555794413551,0,2,1.43,1.1,16.18,둔산동 한마루아파트 5동,서구,-0.012,12336.0,2024-08-01,2026-04-01,True
ST1433,379,52,46.60950285774459,0,2,1.42,1.12,13.72,문화동 중구보건소,중구,-0.072,5273.0,2025-08-08,2026-03-31,True
ST0872,164,34,31.87506903092227,0,1,1.3,1.07,20.73,태평동 하나동물병원,중구,-0.054,11815.0,2024-08-01,2026-03-31,False
ST1109,82,16,14.96999777724347,0,1,1.26,1.07,19.51,석봉동 엑슬루타워 버스정류장,대덕구,-0.019,8658.0,2024-08-01,2026-03-31,False
ST0877,1063,185,171.76660255070198,0,2,1.24,1.08,17.4,도마동 농도원네거리,서구,-0.222,14760.0,2024-08-01,2026-03-31,True
ST0317,1063,178,165.2900797090833,0,2,1.2,1.08,16.75,용문동 롯데렌터카,서구,0.033,14050.0,2024-08-01,2026-03-31,True
ST0749,245,48,45.26323475193079,0,1,1.12,1.06,19.59,중촌동 제일프라자,중구,-0.11,12016.0,2024-08-01,2026-03-31,True
ST0140,81,13,12.31233417422437,0,1,0.85,1.06,16.05,하기동 침신대네거리(롯데마트),유성구,-0.002,10179.0,2024-08-01,2026-03-31,False
ST0319,244,42,40.412528676046314,0,1,0.65,1.04,17.21,가장동 들말어린이공원,서구,0.093,11944.0,2024-08-01,2026-03-31,True
ST1102,81,15,14.595189554233357,0,1,0.5,1.03,18.52,자양동 우송대건너편,동구,-0.045,12716.0,2024-08-01,2026-03-31,False
ST0145,408,61,59.10264795738928,0,1,0.47,1.03,14.95,신일동 대덕산업단지 BRT정류장,대덕구,0.519,7931.0,2024-08-01,2026-03-31,True
ST1050,82,17,16.86322235281733,0,1,0.17,1.01,20.73,상대동 아이파크시티 2단지(205동),유성구,-0.096,10559.0,2024-08-01,2026-04-01,False
ST0103,82,16,16.18463498985927,0,1,-0.23,0.99,19.51,월평동 월평타운,서구,-0.108,13702.0,2024-08-01,2026-03-31,False
ST0101,327,52,53.20395971502687,0,1,-0.37,0.98,15.9,월평동 대전일보,서구,0.045,12855.0,2024-08-01,2026-04-01,True
ST1467,107,13,13.407542819292438,0,1,-0.38,0.97,12.15,갈마동 경성유치원,서구,-0.009,2347.0,2025-10-27,2026-03-31,False
ST0732,82,13,13.316017468743922,0,1,-0.39,0.98,15.85,탄방동 하마모터스,서구,-0.066,10685.0,2024-08-01,2026-03-31,False
ST0439,163,28,28.960370602101484,0,1,-0.59,0.97,17.18,둔산동 시청역 6번출구,서구,-0.075,10134.0,2024-08-01,2026-03-31,False
ST1273,244,37,38.685370565054995,0,2,-0.69,0.96,15.16,도안동 도안우미린아파트 112동 입구,서구,-0.164,10965.0,2024-08-01,2026-03-31,True
ST1500,212,22,23.51672445075087,0,2,-0.72,0.94,10.38,유천동 서대전역 후문 출구,중구,-0.009,2335.0,2025-10-18,2026-03-31,True
ST0039,325,51,54.32163652261325,0,1,-1.02,0.94,15.69,유천동 문화초네거리,중구,0.07,10268.0,2024-08-01,2026-03-31,True
ST0773,408,63,67.32257586751902,0,1,-1.06,0.94,15.44,상대동 휴먼시아4단지(트리풀시티9단지 방면) 정류장,유성구,0.028,10642.0,2024-08-01,2026-03-31,True
ST0064,245,37,41.98950259923957,0,2,-2.04,0.88,15.1,삼성동 한밭자이 정류장(104동),동구,-0.117,9768.0,2024-08-01,2026-04-01,True
ST0382,82,12,13.987308157644216,0,1,-2.42,0.86,14.63,둔산동 가람아파트(3동),서구,0.038,8866.0,2024-08-01,2026-03-31,False
ST0704,245,34,40.407042258095146,0,1,-2.62,0.84,13.88,월평역 4번출구,서구,-0.023,8679.0,2024-08-01,2026-03-31,True
ST1361,133,19,22.68079131703031,0,1,-2.77,0.84,14.29,탄방동 조이병원,서구,0.136,8329.0,2024-11-19,2026-03-31,False
ST0889,82,10,12.502417895464918,0,1,-3.05,0.8,12.2,장대동 장대네거리 (죽동네거리 방면) 정류장,유성구,0.003,8728.0,2024-08-01,2026-03-31,False
ST1295,106,11,14.408343075901119,0,1,-3.22,0.76,10.38,도마동이편한세상(807동 앞),서구,-0.061,9387.0,2025-02-20,2026-03-31,False
ST0491,82,12,14.851814856626408,0,1,-3.48,0.81,14.63,산성동 행정복지센터 건너편,중구,-0.023,9011.0,2024-08-01,2026-03-31,False
ST0403,164,18,25.37770942619357,0,1,-4.5,0.71,10.98,장대동 온천2동 행정복지센터,유성구,-0.019,8864.0,2024-08-01,2026-03-31,False
ST0799,0,0,0.0,0,,,,,관저동 느리울12단지(느리울13단지 방면) 정류장(33580) 뒤편,서구,-0.003,2257.0,2024-08-01,2026-03-31,False
ST0822,0,0,0.0,0,,,,,정림동 삼정하이츠아파트 105동,서구,-0.051,8982.0,2024-08-01,2026-03-31,False
ST0378,0,0,0.0,0,,,,,지족동 열매마을 4단지 408동 정문 앞,유성구,-0.028,5430.0,2024-08-01,2026-03-31,False
ST0144,0,0,0.0,0,,,,,문평동 구)대덕경찰서,대덕구,0.227,3130.0,2024-08-01,2026-03-31,False
ST1173,0,0,0.0,0,,,,,가수원 은아아파트 5단지,서구,0.017,4632.0,2024-08-01,2026-03-31,False
ST1374,0,0,0.0,0,,,,,목동 모아엘가그랑데 아파트,중구,0.0,3937.0,2024-12-02,2026-03-31,False
ST0931,0,0,0.0,0,,,,,용산동 테크노밸리 12단지(1209동),유성구,0.049,2278.0,2024-08-01,2026-03-31,False
ST0440,0,0,0.0,0,,,,,둔산동 시청역 4번출구,서구,-0.014,7088.0,2024-08-01,2026-03-31,False
ST1008,0,0,0.0,0,,,,,천동 주공아파트 버스정류장(12동),동구,-0.016,2410.0,2024-08-01,2026-03-31,False
ST1221,0,0,0.0,0,,,,,노은동 대전월드컵경기장 ,유성구,0.017,3718.0,2024-08-01,2026-03-31,False
ST1275,0,0,0.0,0,,,,,목동 충남여고 앞 보도육교(충남여고 측),중구,0.173,3525.0,2024-08-01,2026-03-31,False
ST0789,0,0,0.0,0,,,,,도안동 윗용소어린이공원 입구,서구,-0.026,2948.0,2024-08-01,2026-03-31,False
ST0665,0,0,0.0,0,,,,,오정동 오정신용협동조합,대덕구,-0.173,5688.0,2024-08-01,2026-03-31,False
ST0713,0,0,0.0,0,,,,,갈마동 갈마지구대,서구,-0.016,4561.0,2024-08-01,2026-03-31,False
ST0790,0,0,0.0,0,,,,,가수원동 가수원파출소(린풀하우스 방면) 정류장(34870),서구,0.003,8193.0,2024-08-01,2026-03-31,False
ST0332,0,0,0.0,0,,,,,노은1동 행정복지센터,유성구,0.163,4800.0,2024-08-01,2026-03-31,False
ST0780,0,0,0.0,0,,,,,도안동 대전도안아이파크아파트 1505동,서구,-0.075,10472.0,2024-08-01,2026-03-31,False
ST0738,0,0,0.0,0,,,,,갈마동 서부농협하나로마트,서구,-0.021,5499.0,2024-08-01,2026-03-31,False
ST1303,0,0,0.0,0,,,,,구암동 현충원역 1번출구,유성구,-0.075,3686.0,2024-08-01,2026-03-31,False
ST0246,0,0,0.0,0,,,,,관저동 느리울마을 11단지 정류장(1114동),서구,-0.133,9351.0,2024-08-01,2026-03-31,False
ST0542,0,0,0.0,0,,,,,대흥동 드림시티,중구,0.003,6080.0,2024-08-01,2026-03-31,False
ST0615,0,0,0.0,0,,,,,용운동 용운종합사회복지관 맞은편,동구,-0.017,5451.0,2024-08-01,2026-03-31,False
ST0242,0,0,0.0,0,,,,,가수원동 가수원파출소 건너편,서구,-0.063,6211.0,2024-08-01,2026-03-31,False
ST0833,0,0,0.0,0,,,,,오정동 오정네거리(한남대학교 방면),대덕구,-0.336,7888.0,2024-08-01,2026-03-31,False
ST0835,0,0,0.0,0,,,,,중리동 중리지구대 건너편 정류장,대덕구,0.044,9356.0,2024-08-01,2026-03-31,False
ST0959,0,0,0.0,0,,,,,선화동 라온힐,중구,-0.005,4584.0,2024-08-01,2026-03-31,False
ST0740,0,0,0.0,0,,,,,복수동 초록마을5단지중흥S클래스아파트 정류장,서구,-0.079,8965.0,2024-08-01,2026-03-31,False
ST0820,0,0,0.0,0,,,,,정림동 우성1차아파트 101동,서구,0.143,3110.0,2024-08-01,2026-04-01,False
ST0647,0,0,0.0,0,,,,,가양동 대전보건대,동구,0.024,2162.0,2024-08-01,2026-04-01,False
ST1001,0,0,0.0,0,,,,,옥계동 울엄마양평해장국,중구,-0.024,3101.0,2024-08-01,2026-03-31,False
ST0021,0,0,0.0,0,,,,,둔산동 선사유적지 건너편(정부청사),서구,0.042,2917.0,2024-08-01,2026-03-31,False
ST0275,0,0,0.0,0,,,,,원내동 롯데마트 서대전점,유성구,0.129,5638.0,2024-08-01,2026-03-31,False
ST0388,0,0,0.0,0,,,,,탄방동 한국농어촌공사,서구,-0.033,6369.0,2024-08-01,2026-03-31,False
ST0808,0,0,0.0,0,,,,,관저동 느리울13단지 정류장(느리울12단지 방면),서구,0.019,2592.0,2024-08-01,2026-03-31,False
ST0059,0,0,0.0,0,,,,,천동 휴먼시아 입구(201동),동구,-0.079,8185.0,2024-08-01,2026-03-31,False
ST0367,0,0,0.0,0,,,,,궁동 충남대학교 생명시스템과학대학,유성구,0.056,2109.0,2024-08-01,2026-03-31,False
ST0634,0,0,0.0,0,,,,,인동 현대아파트(104동),동구,-0.065,6531.0,2024-08-01,2026-03-31,False
ST0158,0,0,0.0,0,,,,,반석동 반석역 4번출구,유성구,0.115,3020.0,2024-08-01,2026-03-31,False
ST1128,0,0,0.0,0,,,,,도안동 갑천3블럭 트리풀시티 313동,서구,-0.051,9628.0,2024-08-01,2026-03-31,False
ST0577,0,0,0.0,0,,,,,가오동 동구청,동구,-0.002,3582.0,2024-08-01,2026-03-31,False
ST0652,0,0,0.0,0,,,,,비래동 삼호아파트 정류장(1동),대덕구,0.01,2277.0,2024-08-01,2026-03-31,False
ST0075,0,0,0.0,0,,,,,용전동 홈플러스 용전점,동구,0.0,3141.0,2024-08-01,2026-03-31,False
ST0149,0,0,0.0,0,,,,,관평동 롯데마트(관평점),유성구,0.977,8344.0,2024-08-01,2026-04-01,False
ST0043,0,0,0.0,0,,,,,대흥동 중구청(중구청역 1번출구),중구,0.033,5556.0,2024-08-01,2026-03-31,False
ST0910,0,0,0.0,0,,,,,지족동 열매마을 2단지(201동),유성구,-0.021,5512.0,2024-08-01,2026-04-01,False
ST0598,0,0,0.0,0,,,,,호동우체국 건너편,중구,0.075,2695.0,2024-08-01,2026-03-31,False
ST1287,0,0,0.0,0,,,,,갈마2동 행정복지센터 맞은편,서구,-0.024,4658.0,2024-08-01,2026-03-31,False
ST1391,0,0,0.0,0,,,,,읍내동 502-5,대덕구,-0.044,2803.0,2024-11-25,2026-04-01,False
ST0821,0,0,0.0,0,,,,,정림동 늘푸른아파트 102동,서구,-0.114,4802.0,2024-08-01,2026-03-31,False
ST0512,0,0,0.0,0,,,,,용두동 서대전네거리역 5번출구,중구,-0.026,4491.0,2024-08-01,2026-03-31,False
ST0887,0,0,0.0,0,,,,,장대동 월드컵패밀리타운아파트 106동(유성대로 방향),유성구,0.051,5735.0,2024-08-01,2026-03-31,False
ST0351,0,0,0.0,0,,,,,석교동 스마일약국,중구,-0.052,6587.0,2024-08-01,2026-04-01,False
ST1328,0,0,0.0,0,,,,,자양동  카이스트빌,동구,-0.035,3495.0,2024-12-02,2026-03-31,False
ST0485,0,0,0.0,0,,,,,장대동 동자산어린이공원,유성구,-0.044,8645.0,2024-08-01,2026-03-31,False
ST0552,0,0,0.0,0,,,,,대사동 보문산 진입로 주차장,중구,0.203,2800.0,2024-08-01,2026-03-31,False
ST0684,0,0,0.0,0,,,,,대흥동 우체국,중구,-0.04,7825.0,2024-08-01,2026-04-01,False
ST0791,0,0,0.0,0,,,,,가수원동 용소수변공원,서구,-0.012,4722.0,2024-08-01,2026-03-31,False
ST0890,0,0,0.0,0,,,,,죽동 군량들어린이공원 입구,유성구,0.007,4349.0,2024-08-01,2026-03-31,False
ST1073,0,0,0.0,0,,,,,대흥동 대흥네거리,중구,0.115,4942.0,2024-08-01,2026-03-31,False
ST0286,0,0,0.0,0,,,,,정림동 늘푸른아파트 건너편(102동),서구,0.028,4139.0,2024-08-01,2026-03-31,False
ST0905,0,0,0.0,0,,,,,지족동 열매마을 4단지 405동앞,유성구,0.016,2454.0,2024-08-01,2026-03-31,False
ST1118,0,0,0.0,0,,,,,대흥동 대전고2,중구,0.423,2981.0,2024-08-01,2026-03-31,False
ST1386,0,0,0.0,0,,,,,신탄진동 대덕구육아복합마더센터 건너편,대덕구,-0.017,1947.0,2024-11-29,2026-03-31,False
ST1040,0,0,0.0,0,,,,,둔산동 크로바아파트(정문 맞은편),서구,0.033,7409.0,2024-08-01,2026-04-01,False
ST1060,0,0,0.0,0,,,,,탄방동 둔산자이아이파크 109동,서구,0.17,8915.0,2024-08-01,2026-03-31,False
ST0555,0,0,0.0,0,,,,,내동 안골네거리 다이소,서구,-0.04,3370.0,2024-08-01,2026-03-31,False
ST0503,0,0,0.0,0,,,,,산성동 산성주민복지관,중구,-0.019,4326.0,2024-08-01,2026-03-31,False
ST0985,0,0,0.0,0,,,,,문지동 케이엘이에스 정류장,유성구,0.264,3175.0,2024-08-01,2026-03-31,False
ST1269,0,0,0.0,0,,,,,관평동 한화꿈에그린 1016동 앞,유성구,-0.005,4991.0,2024-08-01,2026-03-31,False
ST0356,0,0,0.0,0,,,,,선화동 중촌네거리 선화동 방면,중구,0.117,7053.0,2024-08-01,2026-03-31,False
ST1347,0,0,0.0,0,,,,,구성동 보건환경연구원 정류장(기상청방면),유성구,0.054,3215.0,2025-01-11,2026-03-31,False
ST1291,0,0,0.0,0,,,,,월평동 대전일보사 앞,서구,-0.01,8686.0,2024-08-01,2026-03-31,False
ST0834,0,0,0.0,0,,,,,오정동 성진주택 ,대덕구,-0.096,2323.0,2024-08-01,2026-03-31,False
ST1312,0,0,0.0,0,,,,,신흥동 신흥문화공원,동구,0.028,3067.0,2024-08-21,2026-03-31,False
ST0108,0,0,0.0,0,,,,,석봉동 서희스타힐스아파트 상가,대덕구,0.094,6257.0,2024-08-01,2026-03-31,False
ST0292,0,0,0.0,0,,,,,법동 e편한세상 상가,대덕구,0.43,4924.0,2024-08-01,2026-03-31,False
ST0330,0,0,0.0,0,,,,,죽동 충남대학교 서문 건너편(궁동교 방면) 정류장,유성구,0.309,4783.0,2024-08-01,2026-03-31,False
ST1002,0,0,0.0,0,,,,,호동 그린세탁소,중구,-0.035,2137.0,2024-08-01,2026-03-31,False
ST1177,0,0,0.0,0,,,,,가양동 트윈스아파트,동구,-0.002,2095.0,2024-08-01,2026-03-31,False
ST0843,0,0,0.0,0,,,,,법동 그린타운아파트 112동 건너편,대덕구,0.045,2436.0,2024-08-01,2026-03-31,False
ST0243,0,0,0.0,0,,,,,가수원동 가수원네거리(계룡아파트 방면),서구,0.002,5173.0,2024-08-01,2026-03-31,False
ST0470,0,0,0.0,0,,,,,석봉동 신탄진초등학교 뒤편,대덕구,-0.058,5442.0,2024-08-01,2026-03-31,False
ST0585,0,0,0.0,0,,,,,가오동 은어송마을입구,동구,-0.084,10371.0,2024-08-01,2026-04-01,False
ST0488,0,0,0.0,0,,,,,장대동 장대경로당,유성구,-0.014,4003.0,2024-08-01,2026-03-31,False
ST0547,0,0,0.0,0,,,,,대사동 느티나무 보호수,중구,0.184,7479.0,2024-08-01,2026-03-31,False
ST0640,0,0,0.0,0,,,,,인동 참좋은아파트 정류장,동구,0.24,5982.0,2024-08-01,2026-03-31,False
ST0331,0,0,0.0,0,,,,,노은동 월드컵경기장역 3번출구,유성구,0.002,5061.0,2024-08-01,2026-04-01,False
ST0539,0,0,0.0,0,,,,,용두동 정담치과,중구,-0.035,7370.0,2024-08-01,2026-04-01,False
ST0851,0,0,0.0,0,,,,,중리동 럭키스포츠프라자,대덕구,-0.002,2848.0,2024-08-01,2026-03-31,False
ST0248,0,0,0.0,0,,,,,관저동 리슈빌(103동),서구,-0.003,2906.0,2024-08-01,2026-03-31,False
ST0281,0,0,0.0,0,,,,,관저동 대자연마을 상가동,서구,0.087,2418.0,2024-08-01,2026-03-31,False
ST1364,0,0,0.0,0,,,,,둔산동 국화한신아파트 건너편(파리바게트),서구,-0.028,5650.0,2024-11-25,2026-03-31,False
ST1501,0,0,0.0,0,,,,,선화동 대전한신더휴리저브 1102동,중구,-0.007,2300.0,2025-08-30,2026-03-31,False
ST0945,0,0,0.0,0,,,,,구즉동 행정복지센터 입구 정류장,유성구,-0.019,3524.0,2024-08-01,2026-03-31,False
ST1104,0,0,0.0,0,,,,,"선화동 대전중부경찰서,대전세무서 앞",중구,-0.017,3804.0,2024-08-07,2026-03-31,False
ST1092,0,0,0.0,0,,,,,괴정동 경성스포츠,서구,-0.012,5651.0,2024-08-01,2026-03-31,False
ST0845,0,0,0.0,0,,,,,법동 한마음아파트 상가동,대덕구,0.012,2049.0,2024-08-01,2026-03-31,False
ST0996,0,0,0.0,0,,,,,대성동 은어송마을 2단지 입구,동구,0.091,4171.0,2024-08-01,2026-03-31,False
ST0881,0,0,0.0,0,,,,,도마동삼거리 정류장,서구,0.024,5011.0,2024-08-01,2026-03-31,False
ST1247,0,0,0.0,0,,,,,관평동 대덕테크노밸리6단지 네오미아아파트 608동앞,유성구,-0.058,4849.0,2024-08-01,2026-03-31,False
ST1315,0,0,0.0,0,,,,,삼성동 한밭중네거리(북부교 방면)  ,동구,-0.017,5334.0,2024-08-23,2026-03-31,False
ST0518,0,0,0.0,0,,,,,문화동 충남대학교 의생명융합연구센터,중구,0.143,2252.0,2024-08-01,2026-03-31,False
ST0736,0,0,0.0,0,,,,,괴정동 KT인재개발원(갈마동 방면) 정류장,서구,-0.066,4524.0,2024-08-01,2026-03-31,False
ST0680,0,0,0.0,0,,,,,선화동 대전여자상업고등학교 정류장,중구,0.082,2083.0,2024-08-01,2026-03-31,False
ST0741,0,0,0.0,0,,,,,죽동 유성여고 입구,유성구,0.049,3861.0,2024-08-01,2026-04-01,False
ST0584,0,0,0.0,0,,,,,가오동 은어송네거리 국민은행 건너편,동구,-0.003,4052.0,2024-08-01,2026-03-31,False
ST0777,0,0,0.0,0,,,,,원신흥동 도안휴먼시아10단지아파트 상가동,유성구,-0.023,8793.0,2024-08-01,2026-03-31,False
ST0746,0,0,0.0,0,,,,,봉산동 하늘바람휴먼시아아파트 111동 입구,유성구,0.049,2448.0,2024-08-01,2026-03-31,False
ST0048,0,0,0.0,0,,,,,대성동 대전남부여성가족원,동구,-0.021,2971.0,2024-08-01,2026-03-31,False
ST0353,0,0,0.0,0,,,,,대흥동 중구청 정문,중구,-0.061,4908.0,2024-08-01,2026-03-31,False
ST0338,0,0,0.0,0,,,,,상대동 아이파크시티 1단지 107동,유성구,-0.023,8958.0,2024-08-01,2026-03-31,False
ST0209,0,0,0.0,0,,,,,봉명동 도안 7단지 작은내수변공원,유성구,-0.033,9267.0,2024-08-01,2026-03-31,False
ST0224,0,0,0.0,0,,,,,도안동 예미지(107동),서구,-0.07,6928.0,2024-08-01,2026-03-31,False
ST0911,0,0,0.0,0,,,,,죽동 유성경찰서 민원실앞,유성구,0.031,4249.0,2024-08-01,2026-03-31,False
ST0962,0,0,0.0,0,,,,,선화동 중구국민체육센터,중구,0.03,5528.0,2024-08-01,2026-03-31,False
ST1054,0,0,0.0,0,,,,,복수동 서부경찰서,서구,-0.007,3033.0,2024-08-01,2026-03-31,False
ST0291,0,0,0.0,0,,,,,오정동 오정네거리(대화중 방면),대덕구,-0.073,7517.0,2024-08-01,2026-03-31,False
ST1405,0,0,0.0,0,,,,,효동행정복지센터 건너편,동구,0.063,3045.0,2024-12-02,2026-03-31,False
ST0443,0,0,0.0,0,,,,,둔산동 2116 공원,서구,0.079,8775.0,2024-08-01,2026-03-31,False
ST0461,0,0,0.0,0,,,,,탄방동 공영주차장,서구,-0.107,9526.0,2024-08-01,2026-03-31,False
ST0349,0,0,0.0,0,,,,,석교동 남대전등기소 (대전지방법원),중구,0.173,3751.0,2024-08-01,2026-03-31,False
ST1401,0,0,0.0,0,,,,,신탄진동 현도교 아래,대덕구,-0.005,2162.0,2024-11-29,2026-03-31,False
ST0095,0,0,0.0,0,,,,,갈마동 갈마역 1번출구,서구,0.007,7366.0,2024-08-01,2026-03-31,False
ST1179,0,0,0.0,0,,,,,탄방동 대전고용복지플러스센터,서구,0.016,5359.0,2024-08-01,2026-03-31,False
ST0478,0,0,0.0,0,,,,,대화동 두리웨딩홀,대덕구,-0.038,2239.0,2024-08-01,2026-03-31,False
ST0513,0,0,0.0,0,,,,,문화동 서대전네거리역7번출구,중구,0.014,2705.0,2024-08-01,2026-03-31,False
ST0673,0,0,0.0,0,,,,,가양동 아침마을 건너편(116동),동구,0.017,3153.0,2024-08-01,2026-03-31,False
ST0451,0,0,0.0,0,,,,,만년동 크리스탈웨딩홀,서구,-0.016,5597.0,2024-08-01,2026-03-31,False
ST0903,0,0,0.0,0,,,,,노은동 열매마을 9단지(910동),유성구,-0.037,7015.0,2024-08-01,2026-03-31,False
ST0116,0,0,0.0,0,,,,,탄방동 도산서원(용문네거리 방면) 정류장,서구,0.224,4361.0,2024-08-01,2026-03-31,False
ST0299,0,0,0.0,0,,,,,송촌동 동춘당공원,대덕구,0.157,3073.0,2024-08-01,2026-03-31,False
ST0507,0,0,0.0,0,,,,,문화동 훼미리맨션(A동),중구,-0.021,8339.0,2024-08-01,2026-03-31,False
ST0832,0,0,0.0,0,,,,,오정동 오정우체국 건너편,대덕구,-0.005,2284.0,2024-08-01,2026-03-31,False
ST0418,0,0,0.0,0,,,,,용계동 목원대학교 입구,유성구,0.472,4120.0,2024-08-01,2026-04-01,False
ST0753,0,0,0.0,0,,,,,지족동 반석마을1단지호반리젠시빌 102동,유성구,-0.007,3648.0,2024-08-01,2026-03-31,False
ST0944,0,0,0.0,0,,,,,구즉동 행정복지센터,유성구,0.073,2564.0,2024-08-01,2026-03-31,False
ST1106,0,0,0.0,0,,,,,선화동 보문교회 앞(버스정류장),중구,-0.024,2293.0,2024-08-01,2026-03-31,False
ST1059,0,0,0.0,0,,,,,둔산동 법원 버스정류장,서구,0.215,8244.0,2024-08-01,2026-03-31,False
ST0056,0,0,0.0,0,,,,,대동 이스트시티(103동) 화병원 건너편,동구,0.087,9409.0,2024-08-01,2026-04-01,False
ST0045,0,0,0.0,0,,,,,대사동 민제한의원,중구,0.002,2554.0,2024-08-01,2026-03-31,False
ST0295,0,0,0.0,0,,,,,송촌동 송촌먹자골목 공영주차장,대덕구,0.002,1967.0,2024-08-01,2026-03-31,False
ST0581,0,0,0.0,0,,,,,가오동 은어송마을 5단지 우미린 입구,동구,0.019,1949.0,2024-08-01,2026-03-31,False
ST0804,0,0,0.0,0,,,,,관저동 다온숲3단지아파트 312동 건너편,서구,-0.012,4321.0,2024-08-01,2026-03-31,False
ST0397,0,0,0.0,0,,,,,목동더샵리슈빌 남측,중구,0.059,6055.0,2024-08-01,2026-03-31,False
ST0721,0,0,0.0,0,,,,,덕암동 대청새마을금고 새뜸지점,대덕구,-0.045,3992.0,2024-08-01,2026-03-31,False
ST0608,0,0,0.0,0,,,,,용운동 e편한세상 에코포레 상가,동구,0.149,3027.0,2024-08-01,2026-03-31,False
ST0515,0,0,0.0,0,,,,,문화동 하우스토리 2차,중구,0.002,5217.0,2024-08-01,2026-03-31,False
ST1292,0,0,0.0,0,,,,,가수원동 은아아파트 2단지,서구,-0.019,2656.0,2024-08-01,2026-03-31,False
ST0037,0,0,0.0,0,,,,,문화동 서대전 KT,중구,0.052,2941.0,2024-08-01,2026-03-31,False
ST0651,0,0,0.0,0,,,,,비래동 산림조합(비래휴플러스아파트 104동)(185),대덕구,0.017,2248.0,2024-08-01,2026-04-01,False
ST0683,0,0,0.0,0,,,,,대흥동 중구청 건너편 정류장,중구,-0.066,8708.0,2024-08-01,2026-03-31,False
ST0750,0,0,0.0,0,,,,,반석동 반석마을5단지아파트 503동 정류장,유성구,-0.073,5982.0,2024-08-01,2026-03-31,False
ST0104,0,0,0.0,0,,,,,갈마동 갈마1동 행정복지센터,서구,0.03,10268.0,2024-08-01,2026-03-31,False
ST0113,0,0,0.0,0,,,,,신탄진동 이엘치과병원,대덕구,-0.045,3004.0,2024-08-01,2026-03-31,False
ST0754,0,0,0.0,0,,,,,하기동 송림네거리(한국침례신학대학교 방면),유성구,-0.016,5834.0,2024-08-01,2026-03-31,False
ST0123,0,0,0.0,0,,,,,용문동 순복음교회(수침교),서구,0.033,3205.0,2024-08-01,2026-03-31,False
ST0227,0,0,0.0,0,,,,,도안동 목원대학교 정문우측(롯데리아),서구,0.082,4168.0,2024-08-01,2026-04-01,False
ST0734,0,0,0.0,0,,,,,오류동 LG유플러스 대전오류사옥 정류장,중구,-0.021,7051.0,2024-08-01,2026-03-31,False
ST0276,0,0,0.0,0,,,,,대정동 모다아울렛,유성구,-0.042,9544.0,2024-08-01,2026-03-31,False
ST0888,0,0,0.0,0,,,,,장대동 어울림주간보호센터,유성구,0.016,10376.0,2024-08-01,2026-03-31,False
ST0795,0,0,0.0,0,,,,,가수원동 480-1,서구,-0.045,3432.0,2024-08-01,2026-04-01,False
ST0826,0,0,0.0,0,,,,,오정동 오정농수산물시장(동대전농협),대덕구,-1.049,5998.0,2024-08-01,2026-03-31,False
ST0532,0,0,0.0,0,,,,,산성동 원마트,중구,-0.04,3567.0,2024-08-01,2026-03-31,False
ST0806,0,0,0.0,0,,,,,관저동 관저중흥S클래스프라디움아파트(선유초 방면),서구,-0.019,2272.0,2024-08-01,2026-03-31,False
ST0831,0,0,0.0,0,,,,,오정동 한남오거리(대덕구청 방면),대덕구,-0.163,2669.0,2024-08-01,2026-03-31,False
ST0755,0,0,0.0,0,,,,,하기동 송림마을3단지이노스빌아파트 304동,유성구,0.068,2782.0,2024-08-01,2026-03-31,False
ST0744,0,0,0.0,0,,,,,봉산동 봉산휴먼시아2단지아파트 입구 건너편,유성구,-0.056,5311.0,2024-08-01,2026-03-31,False
ST0454,0,0,0.0,0,,,,,만년동 수정빌딩 주차타워,서구,-0.012,6017.0,2024-08-01,2026-03-31,False
ST0235,0,0,0.0,0,,,,,도안동(수목토아파트 방면) 정류장(34890),서구,-0.065,9794.0,2024-08-01,2026-04-01,False
ST0529,0,0,0.0,0,,,,,태평동 어린이공원,중구,-0.026,4393.0,2024-08-01,2026-03-31,False
ST1375,0,0,0.0,0,,,,,산성동 781,중구,-0.035,4492.0,2024-12-10,2026-03-31,False
ST1163,0,0,0.0,0,,,,,가오동 주공아파트(105동),동구,-0.04,5143.0,2024-08-01,2026-03-31,False
ST0419,0,0,0.0,0,,,,,원신흥동 양우내안애,유성구,-0.07,9957.0,2024-08-01,2026-03-31,False
ST0258,0,0,0.0,0,,,,,관저동 하이존 상가,서구,0.012,5359.0,2024-08-01,2026-03-31,False
ST0427,0,0,0.0,0,,,,,탄방동 남선공원 명성디자인기획,서구,0.019,5606.0,2024-08-01,2026-03-31,False
ST0838,0,0,0.0,0,,,,,중리동 장안외과의원,대덕구,-0.054,10202.0,2024-08-01,2026-03-31,False
ST1382,0,0,0.0,0,,,,,목동 충남여중삼거리,중구,0.045,3578.0,2024-11-27,2026-03-31,False
ST0459,0,0,0.0,0,,,,,목동 올리브힐 정문,중구,-0.084,7129.0,2024-08-01,2026-03-31,False
ST0582,0,0,0.0,0,,,,,가오동 신한은행,동구,-0.019,5013.0,2024-08-01,2026-03-31,False
ST1381,0,0,0.0,0,,,,,선화동 해모로더센트라아파트 107동,중구,-0.009,3101.0,2024-11-29,2026-03-31,False
ST0776,0,0,0.0,0,,,,,도안동 어울림하트아파트 1209동,서구,-0.021,4158.0,2024-08-01,2026-04-01,False
ST0829,0,0,0.0,0,,,,,오정동 오정로 호남선(가도교) 아래 ,대덕구,-0.245,2977.0,2024-08-01,2026-03-31,False
ST0168,0,0,0.0,0,,,,,지족동 노은3동 행정복지센터(201),유성구,1.785,5436.0,2024-08-01,2026-03-31,False
ST1064,0,0,0.0,0,,,,,죽동 금성백조 건너편 맘스터치,유성구,-0.042,10670.0,2024-08-01,2026-03-31,False
ST0018,0,0,0.0,0,,,,,월평동 다모아아파트 육교밑(111동),서구,-0.021,5652.0,2024-08-01,2026-03-31,False
ST0265,0,0,0.0,0,,,,,"관저동 신선마을 정류장(213동, 33450)",서구,-0.003,5097.0,2024-08-01,2026-03-31,False
ST0303,0,0,0.0,0,,,,,법동 대전지방국세청 서측,대덕구,-0.077,5053.0,2024-08-01,2026-03-31,False
ST0339,0,0,0.0,0,,,,,원신흥동 새마을금고 원신흥지점,유성구,-0.005,3510.0,2024-08-01,2026-03-31,False
ST0030,0,0,0.0,0,,,,,삼성동 동구 보건지소,동구,-0.191,6658.0,2024-08-01,2026-03-31,False
ST0099,0,0,0.0,0,,,,,둔산동 파랑새아파트 동측입구,서구,0.019,3402.0,2024-08-01,2026-03-31,False
ST0225,0,0,0.0,0,,,,,도안동 예미지(101동),서구,0.024,9152.0,2024-08-01,2026-03-31,False
ST0223,0,0,0.0,0,,,,,원신흥동 도안 12단지 어울림하트(1204동),유성구,-0.002,4361.0,2024-08-01,2026-03-31,False
ST0352,0,0,0.0,0,,,,,대흥동 성모초등학교 입구 정류장,중구,-0.003,2803.0,2024-08-01,2026-03-31,False
ST1117,0,0,0.0,0,,,,,관저동 대자연마을 101동,서구,-0.016,4061.0,2024-08-01,2026-03-31,False
ST0672,0,0,0.0,0,,,,,가양동 아침마을(116동),동구,-0.005,7247.0,2024-08-01,2026-03-31,False
ST0774,0,0,0.0,0,,,,,도안동 목원대(동서대로) 네거리,서구,0.105,6424.0,2024-08-01,2026-03-31,False
ST1304,0,0,0.0,0,,,,,판암동 판암역 3번출구,동구,-0.007,2124.0,2024-08-01,2026-03-31,False
ST0500,0,0,0.0,0,,,,,안영동 제3노외 주차장 공원,중구,-0.017,2089.0,2024-08-01,2026-03-31,False
ST0857,0,0,0.0,0,,,,,읍내동 회덕유래비 정류장,대덕구,-0.049,2137.0,2024-08-01,2026-03-31,False
ST0047,0,0,0.0,0,,,,,부사동 청란여고 방면 부사오거리 정류장,중구,-0.047,7386.0,2024-08-01,2026-03-31,False
ST0241,0,0,0.0,0,,,,,도안동 축산농협 하나로마트,서구,-0.096,6089.0,2024-08-01,2026-03-31,False
ST0882,0,0,0.0,0,,,,,도마동 도마네거리 리더스내과,서구,-0.026,8594.0,2024-08-01,2026-03-31,False
ST1057,0,0,0.0,0,,,,,관평동 배울네거리,유성구,0.135,5969.0,2024-08-01,2026-03-31,False
ST0226,0,0,0.0,0,,,,,원신흥동 목원대네거리(도로교통공단 방면) 정류장,유성구,-0.007,3326.0,2024-08-01,2026-03-31,False
ST0596,0,0,0.0,0,,,,,대성동삼거리 옥계교방면 정류장,동구,-0.009,3391.0,2024-08-17,2026-03-31,False
ST0261,0,0,0.0,0,,,,,관저동 건양대병원네거리 정류장(느리울12단지 방면)(33590),서구,0.009,3775.0,2024-08-01,2026-03-31,False
ST0109,0,0,0.0,0,,,,,석봉동 봉주르카운티(A동),대덕구,0.002,3120.0,2024-08-01,2026-03-31,False
ST1397,0,0,0.0,0,,,,,석봉동 신탄진시장 정류장 (금강액슬루타워 방면),대덕구,0.0,4382.0,2024-12-02,2026-03-31,False
ST0400,0,0,0.0,0,,,,,장동 대덕대학교,대덕구,2.219,3505.0,2024-08-01,2026-03-31,False
ST1208,0,0,0.0,0,,,,,용산동 호반써밋(205동),유성구,0.977,2036.0,2024-08-01,2026-03-31,False
ST1333,0,0,0.0,0,,,,,삼성동 한밭중 네거리,동구,0.059,2084.0,2024-12-02,2026-03-31,False
ST0536,0,0,0.0,0,,,,,유천동 버드내공원,중구,-0.288,8685.0,2024-08-01,2026-04-01,False
ST1181,0,0,0.0,0,,,,,하기동 그린브라우니,유성구,0.187,2356.0,2024-08-01,2026-03-31,False
ST1302,0,0,0.0,0,,,,,용산동 테크노밸리12단지 정류장(우림필유),유성구,-0.129,6046.0,2024-08-01,2026-03-31,False
ST1206,0,0,0.0,0,,,,,용산동 호반써밋(101동),유성구,0.117,6988.0,2024-08-01,2026-03-31,False
ST1222,0,0,0.0,0,,,,,신흥동시외버스정류장,동구,0.007,2960.0,2024-08-01,2026-03-31,False
ST0896,0,0,0.0,0,,,,,노은동 월드컵경기장역 2번출구,유성구,-0.023,8187.0,2024-08-01,2026-03-31,False
ST1145,0,0,0.0,0,,,,,도룡동 연구단지네거리,유성구,0.276,6836.0,2024-08-01,2026-03-31,False
ST0090,0,0,0.0,0,,,,,덕명동 하우스토리 정류장,유성구,0.014,2341.0,2024-08-01,2026-03-31,False
ST1226,0,0,0.0,0,,,,,죽동 푸르지오 304동 입구,유성구,0.35,3031.0,2024-08-01,2026-03-31,False
ST1420,0,0,0.0,0,,,,,도룡동 공동관리아파트(도룡동),유성구,0.021,3280.0,2025-02-04,2026-03-31,False
ST0805,0,0,0.0,0,,,,,관저동 관저예미지명가의풍경아파트 112동 건너편,서구,0.003,5765.0,2024-08-01,2026-03-31,False
ST0336,0,0,0.0,0,,,,,지족동 열매마을 1단지(지족초등학교),유성구,0.161,2230.0,2024-08-01,2026-03-31,False
ST1277,0,0,0.0,0,,,,,대사동 보문산공원오거리 보문합기도 앞,중구,0.021,3238.0,2024-08-01,2026-03-31,False
ST0179,0,0,0.0,0,,,,,하기동 한국침례신학대학교 입구,유성구,0.33,5439.0,2024-08-01,2026-03-31,False
ST0202,0,0,0.0,0,,,,,봉명동 도안 2단지 호반베르디움(201동),유성구,-0.016,7421.0,2024-08-01,2026-03-31,False
ST0424,0,0,0.0,0,,,,,선화동 대전평생교육진흥원 본관,중구,0.086,4407.0,2024-08-01,2026-03-31,False
ST0421,0,0,0.0,0,,,,,봉명동 도안센트롤시티,유성구,0.047,2311.0,2024-08-01,2026-03-31,False
ST1309,0,0,0.0,0,,,,,선화동 해모로아파트(105동),중구,-0.007,3498.0,2024-08-12,2026-03-31,False
ST0715,0,0,0.0,0,,,,,갈마동 상수도사업본부(갈마중학교입구 방면)정류장,서구,-0.065,6120.0,2024-08-01,2026-03-31,False
ST1011,0,0,0.0,0,,,,,효동 대전국악방송 건너편,동구,-0.044,2797.0,2024-08-02,2026-03-31,False
ST1274,0,0,0.0,0,,,,,목동 목양마을아파트 101동 앞,중구,-0.058,3621.0,2024-08-01,2026-03-31,False
ST0417,0,0,0.0,0,,,,,원신흥동 도로교통공단(건너편 라도무스),유성구,0.199,4280.0,2024-08-01,2026-03-31,False
ST0638,0,0,0.0,0,,,,,인동 하나은행,동구,0.007,2138.0,2024-08-01,2026-03-31,False
ST0775,0,0,0.0,0,,,,,도안동 하나은행,서구,-0.003,2971.0,2024-08-01,2026-04-01,False
ST0583,0,0,0.0,0,,,,,가오동 KB국민은행 가오동지점,동구,-0.049,4420.0,2024-08-01,2026-03-31,False
ST0279,0,0,0.0,0,,,,,관저동 원앙2단지 건너편(205동),서구,0.079,2434.0,2024-08-01,2026-04-01,False
ST0948,0,0,0.0,0,,,,,문평동 롯데칠성음료 대전공장,대덕구,-0.021,2151.0,2024-08-01,2026-03-31,False
ST0982,0,0,0.0,0,,,,,송촌동 대전충남적십자혈액원,대덕구,0.002,2060.0,2024-08-01,2026-03-31,False
ST0533,0,0,0.0,0,,,,,산성동 한소망교회,중구,-0.014,2961.0,2024-08-01,2026-03-31,False
ST0709,0,0,0.0,0,,,,,둔산동 파랑새아파트 서측입구,서구,-0.007,3575.0,2024-08-01,2026-03-31,False
ST0739,0,0,0.0,0,,,,,복수동 초록마을1단지예미지아파트 101동,서구,-0.101,7246.0,2024-08-01,2026-03-31,False
ST0934,0,0,0.0,0,,,,,대동 이스트시티(102동),동구,-0.056,4354.0,2024-08-01,2026-03-31,False
ST0337,0,0,0.0,0,,,,,신봉동 자운대아파트 78단지 정문,유성구,0.049,3225.0,2024-08-01,2026-03-31,False
ST0509,0,0,0.0,0,,,,,문화동 세이백화점,중구,-0.023,9548.0,2024-08-01,2026-03-31,False
ST1044,0,0,0.0,0,,,,,중촌동 푸르지오(102동),중구,-0.11,6813.0,2024-08-01,2026-03-31,False
ST0160,0,0,0.0,0,,,,,반석동 반석역 1번출구,유성구,0.121,8646.0,2024-08-01,2026-03-31,False
ST0365,0,0,0.0,0,,,,,둔산동 시교육청옆 환승지 ,서구,0.119,3616.0,2024-08-01,2026-03-31,False
ST0390,0,0,0.0,0,,,,,탄방동 국민연금서대전지사 정류장(탄방역 방면),서구,-0.012,6973.0,2024-08-01,2026-03-31,False
ST0120,0,0,0.0,0,,,,,오류동 주류공동판매장 집배송센타,중구,0.035,4798.0,2024-08-01,2026-04-01,False
ST0785,0,0,0.0,0,,,,,도안동 계룡리슈빌 1704동(육교밑),서구,0.103,3241.0,2024-08-01,2026-03-31,False
ST0259,0,0,0.0,0,,,,,관저동 리슈빌(101동),서구,-0.017,7867.0,2024-08-01,2026-04-01,False
ST0546,0,0,0.0,0,,,,,대흥동 자이아파트 2단지 공원,중구,0.149,3784.0,2024-08-01,2026-04-01,False
ST0493,0,0,0.0,0,,,,,산성동 한밭가든아파트 입구,중구,-0.024,4648.0,2024-08-01,2026-03-31,False
ST0237,0,0,0.0,0,,,,,도안동 16단지 수목토(101동),서구,0.002,7265.0,2024-08-01,2026-03-31,False
ST0467,0,0,0.0,0,,,,,둔산동 녹원아파트(106동),서구,-0.023,6415.0,2024-08-01,2026-03-31,False
ST1130,0,0,0.0,0,,,,,법동 동부여성가족원,대덕구,-0.019,1956.0,2024-08-01,2026-03-31,False
ST0562,0,0,0.0,0,,,,,도마동 서대전여고 목운주택입구 방면 정류장,서구,-0.019,5723.0,2024-08-01,2026-03-31,False
ST0516,0,0,0.0,0,,,,,문화동 하우스토리 1차,중구,-0.016,6214.0,2024-08-01,2026-03-31,False
ST0220,0,0,0.0,0,,,,,원신흥동 도안 10단지 휴먼시아(1010동)(70),유성구,0.08,8610.0,2024-08-01,2026-03-31,False
ST0387,0,0,0.0,0,,,,,둔산동 대전광역시의회 서편,서구,0.077,4434.0,2024-08-01,2026-03-31,False
ST0625,0,0,0.0,0,,,,,성남동 스마트뷰(110동),동구,0.026,7886.0,2024-08-01,2026-03-31,False
ST0961,0,0,0.0,0,,,,,선화동 충청남도 대전학사관,중구,-0.009,5627.0,2024-08-01,2026-03-31,False
ST0082,0,0,0.0,0,,,,,소제동 대전역 동광장 휠타이어,동구,-0.014,2472.0,2024-08-01,2026-03-31,False
ST1263,0,0,0.0,0,,,,,효동 새마을금고 효동지점,동구,-0.089,5666.0,2024-08-01,2026-03-31,False
ST1288,0,0,0.0,0,,,,,자운동 국군대전병원,유성구,-0.014,2811.0,2024-08-01,2026-03-31,False
ST0354,0,0,0.0,0,,,,,대흥동 대전성모병원 교수회관,중구,0.002,4872.0,2024-08-01,2026-03-31,False
ST1147,0,0,0.0,0,,,,,석봉동 평안정형외과 건너편,대덕구,-0.016,2947.0,2024-08-01,2026-03-31,False
ST0908,0,0,0.0,0,,,,,지족동 열매마을 6단지 입구,유성구,-0.024,4226.0,2024-08-01,2026-03-31,False
ST0163,0,0,0.0,0,,,,,반석동 반석역 5번출구,유성구,0.825,3263.0,2024-08-01,2026-03-31,False
ST0399,0,0,0.0,0,,,,,가정동 전자통신연구원,유성구,0.455,2323.0,2024-08-01,2026-03-31,False
ST0809,0,0,0.0,0,,,,,관저동 건양대병원네거리 느리울마을11단지 110동 건너편,서구,0.019,4087.0,2024-08-01,2026-03-31,False
ST1278,0,0,0.0,0,,,,,부사동 코사마트 건너편,중구,-0.005,4826.0,2024-08-01,2026-03-31,False
ST0937,0,0,0.0,0,,,,,송강동 한마을아파트(107동),유성구,-0.033,6470.0,2024-08-01,2026-03-31,False
ST0230,0,0,0.0,0,,,,,원신흥동 도안 11단지 천년나무 입구(북측),유성구,0.033,4197.0,2024-08-01,2026-03-31,False
ST0690,0,0,0.0,0,,,,,탄방역 1번출구,서구,0.045,4468.0,2024-08-01,2026-04-01,False
ST0723,0,0,0.0,0,,,,,덕암동 자연애마트 신탄진점,대덕구,-0.068,6069.0,2024-08-01,2026-03-31,False
ST0729,0,0,0.0,0,,,,,석봉동 금강로하스엘크루아파트 104동,대덕구,-0.044,5497.0,2024-08-01,2026-03-31,False
ST0663,0,0,0.0,0,,,,,홍도동 시영아파트 2동 정류장,동구,-0.021,3879.0,2024-08-01,2026-03-31,False
ST1231,0,0,0.0,0,,,,,정림동 도솔순대국밥,서구,-0.009,2370.0,2024-08-02,2026-04-01,False
ST0055,0,0,0.0,0,,,,,대동 대동역 4번출구,동구,0.215,5085.0,2024-08-01,2026-03-31,False
ST0520,0,0,0.0,0,,,,,문화동 센트럴파크 2단지(209동),중구,0.007,2357.0,2024-08-01,2026-03-31,False
ST0639,0,0,0.0,0,,,,,원동네거리 요양병원,동구,-0.009,5104.0,2024-08-01,2026-03-31,False
ST0153,0,0,0.0,0,,,,,삼성동 한밭빌라,동구,-0.301,7281.0,2024-08-01,2026-04-01,False
ST0253,0,0,0.0,0,,,,,관저동 관저예미지명가의풍경아파트 114동,서구,-0.002,4462.0,2024-08-01,2026-03-31,False
ST0793,0,0,0.0,0,,,,,가수원동 은아아파트 302동,서구,0.058,4209.0,2024-08-01,2026-03-31,False
ST0604,0,0,0.0,0,,,,,판암동 판암역 2번출구,동구,-0.063,8626.0,2024-08-01,2026-03-31,False
ST1214,0,0,0.0,0,,,,,용산동 호반써밋(3단지)후문,유성구,0.189,3993.0,2024-08-01,2026-03-31,False
ST0957,0,0,0.0,0,,,,,덕암동 신탄진농협 본점,대덕구,-0.016,2175.0,2024-08-01,2026-03-31,False
ST0359,0,0,0.0,0,,,,,선화동 김영근성형외과,중구,-0.047,8668.0,2024-08-01,2026-03-31,False
ST0181,0,0,0.0,0,,,,,하기동 송림마을 5단지(오시오칼국수),유성구,1.795,3084.0,2024-08-01,2026-03-31,False
ST1083,0,0,0.0,0,,,,,읍내동 우편취급국,대덕구,0.049,2621.0,2024-08-01,2026-03-31,False
ST0603,0,0,0.0,0,,,,,판암동 미리내아파트,동구,-0.028,5699.0,2024-08-01,2026-03-31,False
ST0602,0,0,0.0,0,,,,,신인동 대전동부경찰서 건너편,동구,-0.054,5172.0,2024-08-01,2026-03-31,False
ST1379,0,0,0.0,0,,,,,태평동 태평오거리,중구,-0.269,8880.0,2024-12-18,2026-04-01,False
ST1282,0,0,0.0,0,,,,,변동 한국전력공사 서대전지사 부근,서구,0.056,3793.0,2024-08-01,2026-03-31,False
ST0626,0,0,0.0,0,,,,,삼성동 주공삼성타운(202동),동구,0.031,6661.0,2024-08-01,2026-03-31,False
ST1368,0,0,0.0,0,,,,,중촌동 중촌시민공원,중구,-0.002,7279.0,2024-11-24,2026-03-31,False
ST0954,0,0,0.0,0,,,,,신탄진동 신탄진고 정문,대덕구,0.049,2252.0,2024-08-01,2026-03-31,False
ST1308,0,0,0.0,0,,,,,대흥동 구)중부경찰서,중구,-0.012,2397.0,2024-08-06,2026-03-31,False
ST0171,0,0,0.0,0,,,,,반석동 송림마을 1단지 건너편(107동),유성구,0.395,2483.0,2024-08-01,2026-03-31,False
ST0437,0,0,0.0,0,,,,,둔산동 대전가정법원 입구,서구,0.009,4806.0,2024-08-01,2026-03-31,False
ST1146,0,0,0.0,0,,,,,용운동 족발시대 인근,동구,-0.019,3441.0,2024-08-01,2026-03-31,False
ST0052,0,0,0.0,0,,,,,신흥동 신흥마을 102동,동구,1.012,7230.0,2024-08-01,2026-04-01,False
ST0751,0,0,0.0,0,,,,,지족동 노은3지구 꿈에그린 201동,유성구,0.051,3694.0,2024-08-01,2026-03-31,False
ST0358,0,0,0.0,0,,,,,선화동 현대아파트(102동),중구,0.105,4804.0,2024-08-01,2026-03-31,False
ST0266,0,0,0.0,0,,,,,관저동 행복자전거협동조합 건너편,서구,0.009,3033.0,2024-08-01,2026-03-31,False
ST0176,0,0,0.0,0,,,,,하기동 송림마을 2단지(202동),유성구,-0.031,2960.0,2024-08-01,2026-03-31,False
ST0204,0,0,0.0,0,,,,,봉명동 도안 1단지 휴먼시아(101동),유성구,0.003,4689.0,2024-08-01,2026-03-31,False
ST0212,0,0,0.0,0,,,,,상대동 도안 9단지 트리풀시티(920동)버스정류장 ,유성구,-0.03,6019.0,2024-08-01,2026-03-31,False
ST0646,0,0,0.0,0,,,,,삼성동 삼성네거리(한밭자이아파트 방면) 정류장,동구,0.058,2009.0,2024-08-01,2026-03-31,False
ST0548,0,0,0.0,0,,,,,대흥동 대전중학교 건너편(보문오거리 방면),중구,-0.002,2095.0,2024-08-01,2026-03-31,False
ST0233,0,0,0.0,0,,,,,원신흥동 도안 11단지 천년나무 건너편(1106동),유성구,0.026,5107.0,2024-08-01,2026-04-01,False
ST0325,0,0,0.0,0,,,,,도마네거리 하나은행,서구,-0.044,7770.0,2024-08-01,2026-03-31,False
ST0187,0,0,0.0,0,,,,,신성동 천문대 입구,유성구,0.103,2457.0,2024-08-01,2026-03-31,False
ST0247,0,0,0.0,0,,,,,관저동 느리울마을 11단지(1112동),서구,0.096,2749.0,2024-08-01,2026-03-31,False
ST0714,0,0,0.0,0,,,,,갈마동 갈마중학교입구(상수도사업본부 방면)정류장,서구,-0.045,5085.0,2024-08-01,2026-03-31,False
ST0514,0,0,0.0,0,,,,,문화동 센트럴파크아파트 3단지(302동),중구,0.003,5846.0,2024-08-01,2026-03-31,False
ST0674,0,0,0.0,0,,,,,가양동 동구국민체육센터 건너편,동구,-0.014,5130.0,2024-08-01,2026-03-31,False
ST1003,0,0,0.0,0,,,,,호동 장보고가게,중구,-0.023,2127.0,2024-08-01,2026-03-31,False
ST0256,0,0,0.0,0,,,,,관저동 마치광장 북측,서구,0.262,7043.0,2024-08-01,2026-03-31,False
ST0274,0,0,0.0,0,,,,,원내동 솔마루어린이공원 입구,유성구,-0.019,9179.0,2024-08-01,2026-04-01,False
ST0586,0,0,0.0,0,,,,,가오동 담가화로구이,동구,0.044,5341.0,2024-08-01,2026-03-31,False
ST0496,0,0,0.0,0,,,,,산성동 산성네거리 김밥친구,중구,-0.024,6062.0,2024-08-01,2026-03-31,False
ST0537,0,0,0.0,0,,,,,대사동 충남대학병원 동문 버스정류장,중구,0.026,2053.0,2024-08-01,2026-03-31,False
ST0950,0,0,0.0,0,,,,,목상동 한일제관 대전공장 입구 건너편,대덕구,-0.045,3241.0,2024-08-01,2026-03-31,False
ST0660,0,0,0.0,0,,,,,용전동 용전초등학교 입구 정류장,동구,0.152,3975.0,2024-08-01,2026-03-31,False
ST1063,0,0,0.0,0,,,,,읍내동 대덕문화원,대덕구,-0.383,3246.0,2024-08-01,2026-03-31,False
ST1366,0,0,0.0,0,,,,,태평동 삼부아파트 2단지 27동,중구,-0.059,3988.0,2024-11-25,2026-03-31,False
ST0691,0,0,0.0,0,,,,,탄방역 3번출구,서구,0.012,3140.0,2024-08-01,2026-03-31,False
ST0550,0,0,0.0,0,,,,,대흥동 대전시 노인복지관,중구,0.012,2399.0,2024-08-01,2026-03-31,False
ST0991,0,0,0.0,0,,,,,신봉동 자운대 간부3동 아파트 정류장,유성구,-0.005,2273.0,2024-08-01,2026-03-31,False
ST1154,0,0,0.0,0,,,,,신탄진동 동일스위트 1단지(101동),대덕구,-0.017,5331.0,2024-08-01,2026-03-31,False
ST0535,0,0,0.0,0,,,,,산성동 당디숯불갈비,중구,-0.021,2790.0,2024-08-01,2026-03-31,False
ST0987,0,0,0.0,0,,,,,가양동 다솜요양병원,동구,-0.04,7210.0,2024-08-01,2026-04-01,False
ST0284,0,0,0.0,0,,,,,관저동 원앙네거리(관저 지하차도 방면),서구,1.776,4168.0,2024-08-01,2026-03-31,False
ST1019,0,0,0.0,0,,,,,장대동 장대네거리(하이마트),유성구,-0.005,9112.0,2024-08-01,2026-03-31,False
ST1090,0,0,0.0,0,,,,,사정동 웰빙24시사우나,중구,0.037,2933.0,2024-08-01,2026-03-31,False
ST0263,0,0,0.0,0,,,,,"관저동 신선마을 건너편(213동, 관저네거리방면)",서구,0.021,8282.0,2024-08-01,2026-03-31,False
ST0302,0,0,0.0,0,,,,,중리동 수도시설관리사업소,대덕구,0.084,6328.0,2024-08-01,2026-03-31,False
ST1010,0,0,0.0,0,,,,,천동 홍익아파트(101동),동구,-0.019,3268.0,2024-08-01,2026-03-31,False
ST0794,0,0,0.0,0,,,,,가수원동 771-2,서구,0.026,2523.0,2024-08-01,2026-03-31,False
ST0278,0,0,0.0,0,,,,,관저동 관저1동 행정복지센터,서구,0.023,5671.0,2024-08-01,2026-03-31,False
ST0342,0,0,0.0,0,,,,,신안동 블루부코,동구,0.084,2725.0,2024-08-01,2026-03-31,False
ST0428,0,0,0.0,0,,,,,탄방동 1333 ,서구,-0.068,8751.0,2024-08-01,2026-03-31,False
ST0534,0,0,0.0,0,,,,,산성동 당대어린이공원,중구,-0.416,10765.0,2024-08-01,2026-03-31,False
ST0633,0,0,0.0,0,,,,,효동 현대아파트(104동),동구,0.084,7458.0,2024-08-01,2026-03-31,False
ST0810,0,0,0.0,0,,,,,관저동 관저2동우체국,서구,0.03,2604.0,2024-08-01,2026-03-31,False
ST0828,0,0,0.0,0,,,,,오정동 노촌어린이공원,대덕구,-0.175,4476.0,2024-08-01,2026-03-31,False
ST0731,0,0,0.0,0,,,,,용문동 도산서원(남선공원네거리 방면) 정류장,서구,-0.014,8571.0,2024-08-01,2026-03-31,False
ST1350,0,0,0.0,0,,,,,관평동 한신에스메카 정류장(관평중학교방면),유성구,-0.04,5132.0,2024-11-24,2026-03-31,False
ST0936,0,0,0.0,0,,,,,낭월동 오투그란데(107동),동구,-0.028,2012.0,2024-08-01,2026-03-31,False
ST1188,0,0,0.0,0,,,,,둔산동 국화아파트(305동),서구,-0.037,8241.0,2024-08-01,2026-03-31,False
ST1212,0,0,0.0,0,,,,,지족동 뚜레쥬르 노은호반점,유성구,0.012,7362.0,2024-08-01,2026-03-31,False
ST0364,0,0,0.0,0,,,,,둔산동 대전경찰청,서구,0.128,3070.0,2024-08-01,2026-03-31,False
ST0334,0,0,0.0,0,,,,,노은동 피자헛,유성구,0.012,2271.0,2024-08-01,2026-03-31,False
ST0296,0,0,0.0,0,,,,,법동 그린타운 정류장(104동),대덕구,0.198,1964.0,2024-08-01,2026-03-31,False
ST0081,0,0,0.0,0,,,,,오정동 한남대학교 사회과학대학,대덕구,-0.01,3608.0,2024-08-01,2026-03-31,False
ST0232,0,0,0.0,0,,,,,원신흥동 도안 11단지 천년나무(1106동),유성구,-0.002,4367.0,2024-08-01,2026-03-31,False
ST0368,0,0,0.0,0,,,,,궁동 충남대학교 인문대학,유성구,0.014,4101.0,2024-08-01,2026-03-31,False
ST1007,0,0,0.0,0,,,,,옥계동 신도빌아파트,중구,-0.051,2285.0,2024-08-01,2026-03-31,False
ST0983,0,0,0.0,0,,,,,비래동 백마강참숯민물장어,대덕구,-0.019,2996.0,2024-08-01,2026-03-31,False
ST0143,0,0,0.0,0,,,,,목상동 상록수아파트 정류장(101동),대덕구,0.08,8538.0,2024-08-01,2026-04-01,False
ST0267,0,0,0.0,0,,,,,"관저동 신선마을 정류장(208동, 33430)",서구,0.059,2325.0,2024-08-01,2026-03-31,False
ST1043,0,0,0.0,0,,,,,중촌역 푸르지오(정문),중구,-0.047,8705.0,2024-08-01,2026-03-31,False
ST1281,0,0,0.0,0,,,,,복용동 디오토몰 앞,유성구,-0.002,2780.0,2024-08-01,2026-03-31,False
ST1207,0,0,0.0,0,,,,,용산동 호반써밋(209동),유성구,0.205,2720.0,2024-08-01,2026-03-31,False
ST1267,0,0,0.0,0,,,,,관평동 중앙하이츠빌 301동 앞,유성구,-0.026,2967.0,2024-08-01,2026-03-31,False
ST0133,0,0,0.0,0,,,,,월평동 계룡로 대전일보 건너편(갈마동방향),서구,-0.037,6278.0,2024-08-01,2026-04-01,False
ST0309,0,0,0.0,0,,,,,송촌동  송촌대양 공영주차장 정류장,대덕구,0.5,2131.0,2024-08-01,2026-03-31,False
ST1362,0,0,0.0,0,,,,,둔산동 은하수네거리 정류장(파랑새네거리방면),서구,0.007,6578.0,2024-11-25,2026-03-31,False
ST1365,0,0,0.0,0,,,,,태평동 삼부새롬아파트 101동앞,중구,-0.164,7085.0,2024-12-05,2026-04-01,False
ST1127,0,0,0.0,0,,,,,내동 괴정네거리(봉주르돈까스),서구,-0.054,4494.0,2024-08-01,2026-04-01,False
ST0004,0,0,0.0,0,,,,,탄방동_한가람아파트(2동),서구,-0.01,6310.0,2024-08-01,2026-03-31,False
ST1203,0,0,0.0,0,,,,,용산동 호반써밋(307동),유성구,0.124,3543.0,2024-08-01,2026-03-31,False
ST1407,0,0,0.0,0,,,,,용계동 도안네거리,유성구,0.005,2937.0,2024-12-02,2026-03-31,False
ST0940,0,0,0.0,0,,,,,송강동 계룡한솔아파트(201동),유성구,-0.054,8155.0,2024-08-01,2026-03-31,False
ST1113,0,0,0.0,0,,,,,문창동 해피마트,중구,0.002,8552.0,2024-08-01,2026-03-31,False
ST1301,0,0,0.0,0,,,,,세천동 세천유원지 주차장,동구,0.017,3242.0,2024-08-01,2026-03-31,False
ST0010,0,0,0.0,0,,,,,둔산동 샤크존,서구,0.086,7455.0,2024-08-01,2026-03-31,False
ST1185,0,0,0.0,0,,,,,중리동 양무리교회,대덕구,-0.01,2961.0,2024-08-01,2026-03-31,False
ST1284,0,0,0.0,0,,,,,학하동 진잠농협 옆,유성구,0.114,1968.0,2024-08-01,2026-03-31,False
ST1228,0,0,0.0,0,,,,,원촌동 법무부 대전솔로몬로파크,유성구,-0.03,3439.0,2024-08-01,2026-03-31,False
ST0782,0,0,0.0,0,,,,,도안동 도안수목토아파트 114동 건너편,서구,0.03,3708.0,2024-08-01,2026-03-31,False
ST0900,0,0,0.0,0,,,,,노은동 열매마을 8단지 입구,유성구,-0.028,7086.0,2024-08-01,2026-03-31,False
ST1093,0,0,0.0,0,,,,,자양동 우송대 정문,동구,-0.026,7479.0,2024-08-01,2026-03-31,False
ST0147,0,0,0.0,0,,,,,송강동 송강체육관,유성구,0.147,4724.0,2024-08-01,2026-03-31,False
ST0632,0,0,0.0,0,,,,,효동 현대아파트 상가,동구,-0.107,8859.0,2024-08-01,2026-03-31,False
ST0182,0,0,0.0,0,,,,,신성동 럭키 하나아파트 앞,유성구,0.028,6063.0,2024-08-01,2026-03-31,False
ST0211,0,0,0.0,0,,,,,봉명동 도안 센트럴시티 입구(롯데리아),유성구,0.033,9286.0,2024-08-01,2026-03-31,False
ST0215,0,0,0.0,0,,,,,상대동 도안 3단지 한라비발디(301동),유성구,0.448,8644.0,2024-08-01,2026-03-31,False
ST0219,0,0,0.0,0,,,,,용계동 목원대학교 정문좌측(캠퍼스타워),유성구,0.271,7147.0,2024-08-01,2026-03-31,False
ST0616,0,0,0.0,0,,,,,용운동 용방마을(315동),동구,-0.072,8336.0,2024-08-01,2026-04-01,False
ST0335,0,0,0.0,0,,,,,지족동 노은역 1번출구,유성구,0.325,3239.0,2024-08-01,2026-03-31,False
ST0642,0,0,0.0,0,,,,,정동 하나은행 건너편,동구,0.0,4593.0,2024-08-01,2026-03-31,False
ST0264,0,0,0.0,0,,,,,관저2동 행정복지센터,서구,0.161,5530.0,2024-08-01,2026-03-31,False
ST0501,0,0,0.0,0,,,,,사정동 성산마을110동(김밥친구),중구,-0.052,5301.0,2024-08-01,2026-03-31,False
ST0213,0,0,0.0,0,,,,,상대동 도안 9단지 트리풀시티(913동),유성구,-0.024,5943.0,2024-08-01,2026-03-31,False
ST0236,0,0,0.0,0,,,,,도안동 도안 15단지 아이파크(1502동),서구,-0.056,6311.0,2024-08-01,2026-03-31,False
ST0827,0,0,0.0,0,,,,,오정동 통매바위어린이공원,대덕구,-0.421,3796.0,2024-08-01,2026-03-31,False
ST1009,0,0,0.0,0,,,,,가오동 신흥교회,동구,-0.009,3462.0,2024-08-01,2026-03-31,False
ST0486,0,0,0.0,0,,,,,장대동 공영주차장,유성구,-0.023,4063.0,2024-08-01,2026-03-31,False
ST0471,0,0,0.0,0,,,,,석봉동 석봉어린이공원,대덕구,-0.133,4207.0,2024-08-01,2026-03-31,False
ST0601,0,0,0.0,0,,,,,인동 대전동부경찰서,동구,-0.01,8266.0,2024-08-01,2026-03-31,False
ST1071,0,0,0.0,0,,,,,봉명동 도안 2단지 호반베르디움(208동),유성구,0.042,6551.0,2024-08-01,2026-03-31,False
ST1124,0,0,0.0,0,,,,,문창동 남대전등기소 건너편,중구,-0.01,3427.0,2024-08-01,2026-03-31,False
ST1209,0,0,0.0,0,,,,,도마동 대청애견수족관,서구,-0.052,5764.0,2024-08-01,2026-03-31,False
ST0939,0,0,0.0,0,,,,,송강동 한마을아파트(114동),유성구,-0.059,8366.0,2024-08-01,2026-03-31,False
ST0787,0,0,0.0,0,,,,,도안동 나비어린이공원,서구,-0.007,3381.0,2024-08-01,2026-03-31,False
ST0154,0,0,0.0,0,,,,,중촌동 금호아파트(8동),중구,0.068,7942.0,2024-08-01,2026-03-31,False
ST0173,0,0,0.0,0,,,,,지족동 지족역 1번출구,유성구,0.358,3253.0,2024-08-01,2026-03-31,False
ST1000,0,0,0.0,0,,,,,옥계동 솔빛아파트,중구,0.005,2321.0,2024-08-01,2026-03-31,False
ST0114,0,0,0.0,0,,,,,신탄진동 동일스위트 1단지(104동),대덕구,0.014,2905.0,2024-08-01,2026-03-31,False
ST0871,0,0,0.0,0,,,,,변동 필통수입차부품 정류장,서구,0.084,4223.0,2024-08-01,2026-03-31,False
ST1252,0,0,0.0,0,,,,,도마동 양지타운 입구,서구,0.003,2277.0,2024-08-01,2026-03-31,False
ST1069,0,0,0.0,0,,,,,덕명동 한밭대학교 정문(투썸플레이스),유성구,0.32,2210.0,2024-08-01,2026-03-31,False
ST0752,0,0,0.0,0,,,,,반석동 반석더샵 입구 건너편,유성구,0.035,4032.0,2024-08-01,2026-03-31,False
ST0781,0,0,0.0,0,,,,,도안동 도안초등학교(도안수목토아파트 114동),서구,-0.003,7868.0,2024-08-01,2026-03-31,False
ST0641,0,0,0.0,0,,,,,원동 중앙프라자 정류장,동구,-0.079,8925.0,2024-08-01,2026-03-31,False
ST0591,0,0,0.0,0,,,,,낭월동 석천들아파트 건너편(112동),동구,-0.021,3444.0,2024-08-01,2026-03-31,False
ST1167,0,0,0.0,0,,,,,가양동 드림팰리스5차,동구,-0.003,3261.0,2024-08-01,2026-03-31,False
ST1331,0,0,0.0,0,,,,,삼성동 선화교(대전역 방향),동구,-0.012,2664.0,2024-12-04,2026-03-31,False
ST0207,0,0,0.0,0,,,,,봉명동 도안 6단지 센트럴시티 큰길방향(608동),유성구,0.177,6689.0,2024-08-01,2026-03-31,False
ST0239,0,0,0.0,0,,,,,도안동 도안 17단지 베르디움(104동),서구,-0.014,6149.0,2024-08-01,2026-03-31,False
ST0111,0,0,0.0,0,,,,,덕암동 새뜸어린이공원,대덕구,-0.068,3061.0,2024-08-01,2026-03-31,False
ST0340,0,0,0.0,0,,,,,대동 대전지식산업센터 건너편,동구,-0.023,3456.0,2024-08-01,2026-03-31,False
ST0315,0,0,0.0,0,,,,,유천동 유천신협 본점,중구,0.017,8396.0,2024-08-01,2026-04-01,False
ST0231,0,0,0.0,0,,,,,원신흥동 도안 11단지 천년나무 입구(남측),유성구,-0.028,4427.0,2024-08-01,2026-03-31,False
ST1088,0,0,0.0,0,,,,,오정동 한남오거리 새마을금고,대덕구,-0.049,4496.0,2024-08-01,2026-03-31,False
ST0164,0,0,0.0,0,,,,,반석동 반석마을 5단지(504동),유성구,-0.021,3641.0,2024-08-01,2026-03-31,False
ST1383,0,0,0.0,0,,,,,용두동 미르마을아파트 115동,중구,-0.033,4460.0,2024-11-21,2026-03-31,False
ST1392,0,0,0.0,0,,,,,중리동 영진로얄아파트 정류장,대덕구,0.007,3133.0,2024-11-25,2026-04-01,False
ST1101,0,0,0.0,0,,,,,가양동 아침마을아파트 111동(가양초등학교),동구,-0.019,3641.0,2024-08-01,2026-03-31,False
ST1314,0,0,0.0,0,,,,,자양동 행정복지센터,동구,0.017,5326.0,2024-08-26,2026-04-01,False
ST1321,0,0,0.0,0,,,,,천동 리더스시티 4BL,동구,-0.072,5038.0,2024-10-19,2026-03-31,False
ST0712,0,0,0.0,0,,,,,월평동 패션월드,서구,0.019,4609.0,2024-08-01,2026-03-31,False
ST0489,0,0,0.0,0,,,,,문화동 한밭우성아파트 입구 ,중구,0.01,3791.0,2024-08-01,2026-03-31,False
ST0545,0,0,0.0,0,,,,,대흥동 원예농협,중구,0.031,7733.0,2024-08-01,2026-03-31,False
ST0411,0,0,0.0,0,,,,,중촌동 중촌초등학교 건너편,중구,-0.117,9341.0,2024-08-01,2026-04-01,False
ST1320,0,0,0.0,0,,,,,소제동 대전역 동광장 짜글이 ,동구,-0.019,5982.0,2025-03-05,2026-03-31,False
ST0360,0,0,0.0,0,,,,,선화동 금강회관,중구,0.834,3550.0,2024-08-01,2026-03-31,False
ST0554,0,0,0.0,0,,,,,문창동 행정복지센터 건너편(경로당 쪽),중구,-0.024,4434.0,2024-08-01,2026-03-31,False
ST1318,0,0,0.0,0,,,,,대동 대동역 5번출구,동구,-0.014,2779.0,2024-09-26,2026-03-31,False
ST1200,0,0,0.0,0,,,,,관평동 대우푸르지오 상가,유성구,0.094,2220.0,2024-08-01,2026-03-31,False
ST1126,0,0,0.0,0,,,,,사정동 우남스타원아파트 버스정류장,중구,-0.04,4473.0,2024-08-01,2026-03-31,False
ST0208,0,0,0.0,0,,,,,봉명동 도안 7단지 예미지(701동),유성구,-0.021,7301.0,2024-08-01,2026-04-01,False
ST0480,0,0,0.0,0,,,,,대화동 오광무지개아파트 3가,대덕구,0.01,2009.0,2024-08-01,2026-03-31,False
ST0205,0,0,0.0,0,,,,,봉명동 도안 1단지 휴먼시아 정류장(109동),유성구,-0.038,3260.0,2024-08-01,2026-03-31,False
ST1357,0,0,0.0,0,,,,,둔산동 샘머리공원(동측),서구,0.01,2391.0,2024-12-02,2026-03-31,False
ST0891,0,0,0.0,0,,,,,죽동천년나무아파트 505동,유성구,-0.024,5529.0,2024-08-01,2026-03-31,False
ST1086,0,0,0.0,0,,,,,자양동 우송삼거리(커피니),동구,0.003,12268.0,2024-08-01,2026-03-31,False
ST1114,0,0,0.0,0,,,,,사정동 산성초등학교 건너편,중구,-0.07,3826.0,2024-08-01,2026-03-31,False
ST1013,0,0,0.0,0,,,,,법동 영진로얄아파트 입구,대덕구,-0.023,4499.0,2024-08-01,2026-03-31,False
ST0129,0,0,0.0,0,,,,,탄방동 탄방지하차도,서구,0.038,7418.0,2024-08-01,2026-04-01,False
ST0206,0,0,0.0,0,,,,,봉명동 도안 6단지 센트럴시티 정류장(607동),유성구,-0.003,6761.0,2024-08-01,2026-03-31,False
ST0578,0,0,0.0,0,,,,,가오동 은어송마을 6단지(602동),동구,-0.033,3254.0,2024-08-01,2026-03-31,False
ST0618,0,0,0.0,0,,,,,대동 펜타뷰(107동),서구,0.019,3326.0,2024-08-01,2026-03-31,False
ST0760,0,0,0.0,0,,,,,장동 한국화학연구원 입구,대덕구,0.073,3656.0,2024-08-01,2026-03-31,False
ST0257,0,0,0.0,0,,,,,관저동 미즈모아산부인과,서구,1.341,2490.0,2024-08-01,2026-03-31,False
ST0262,0,0,0.0,0,,,,,관저동 공영주차장,서구,-0.052,7178.0,2024-08-01,2026-03-31,False
ST0006,0,0,0.0,0,,,,,둔산동 크로바아파트(103동),서구,-0.051,7873.0,2024-08-01,2026-04-01,False
ST0041,0,0,0.0,0,,,,,대사동 대전중앙교회,중구,0.28,3079.0,2024-08-01,2026-03-31,False
ST1289,0,0,0.0,0,,,,,원신흥동 569-1,유성구,-0.01,4466.0,2024-08-01,2026-03-31,False
ST0671,0,0,0.0,0,,,,,가양동 가양1동 행정복지센터,동구,0.014,3546.0,2024-08-01,2026-03-31,False
ST0066,0,0,0.0,0,,,,,삼성동 삼성네거리(KT&G 동대전지사),동구,0.026,4022.0,2024-08-01,2026-03-31,False
ST0071,0,0,0.0,0,,,,,용전동 천주교회,동구,0.285,4886.0,2024-08-01,2026-03-31,False
ST0049,0,0,0.0,0,,,,,가오동 가오31호어린이공원,동구,-0.049,3640.0,2024-08-01,2026-03-31,False
ST0177,0,0,0.0,0,,,,,하기동 송림마을 1단지(101동),유성구,0.012,2771.0,2024-08-01,2026-03-31,False
ST0381,0,0,0.0,0,,,,,둔산동 둥지아파트 정류장(110동),서구,0.128,6490.0,2024-08-01,2026-03-31,False
ST1293,0,0,0.0,0,,,,,성남동 효촌마을 앞,동구,0.012,2308.0,2024-08-01,2026-03-31,False
ST0255,0,0,0.0,0,,,,,관저동 마치광장 서측,서구,-0.014,2888.0,2024-08-01,2026-03-31,False
ST0519,0,0,0.0,0,,,,,문화동 센트럴파크 3단지(307동),중구,0.002,2731.0,2024-08-01,2026-03-31,False
ST0254,0,0,0.0,0,,,,,관저동 마치광장 해뜰마을어린이도서관,서구,0.497,4561.0,2024-08-01,2026-03-31,False
ST0401,0,0,0.0,0,,,,,죽동 대원칸타빌,유성구,-0.07,7686.0,2024-08-01,2026-04-01,False
ST0573,0,0,0.0,0,,,,,대성동 은어송코오롱하늘채2차아파트 103동,동구,-0.052,6301.0,2024-08-01,2026-04-01,False
ST0521,0,0,0.0,0,,,,,문화동 BMK컨벤션,중구,-0.033,2629.0,2024-08-01,2026-03-31,False
ST0210,0,0,0.0,0,,,,,봉명동 원골네거리(진터네거리 방면),유성구,0.17,5621.0,2024-08-01,2026-03-31,False
ST1211,0,0,0.0,0,,,,,갈마동 갈마육교(동산맨션),서구,-0.012,8557.0,2024-08-01,2026-03-31,False
ST1340,0,0,0.0,0,,,,,지족동 유성 선병원 (1397),유성구,0.016,3240.0,2024-11-30,2026-03-31,False
ST0874,0,0,0.0,0,,,,,유천동 새서울종합시장,중구,-0.044,11397.0,2024-08-01,2026-03-31,False
ST1190,0,0,0.0,0,,,,,용산동 호반써밋정문,유성구,-0.019,3699.0,2024-08-01,2026-04-01,False
ST0960,0,0,0.0,0,,,,,선화동 대전측기사,중구,-0.063,5485.0,2024-08-01,2026-03-31,False
ST0527,0,0,0.0,0,,,,,태평중학교 버스정류장,중구,-0.04,4622.0,2024-08-01,2026-03-31,False
ST1136,0,0,0.0,0,,,,,노은동 월드컵 인라인경기장,유성구,0.028,5867.0,2024-08-01,2026-03-31,False
ST1087,0,0,0.0,0,,,,,원신흥동 도안 8블럭 신안인스빌리베라(803동),유성구,-0.03,7468.0,2024-08-01,2026-03-31,False
ST0040,0,0,0.0,0,,,,,산성동 머티네거리,중구,-0.024,4304.0,2024-08-01,2026-04-01,False
ST0228,0,0,0.0,0,,,,,원신흥동 도안 11단지 천년나무 건너편(1110동),유성구,-0.01,8120.0,2024-08-01,2026-03-31,False
ST0277,0,0,0.0,0,,,,,관저동 건양대네거리,서구,0.591,4729.0,2024-08-01,2026-03-31,False
ST0484,0,0,0.0,0,,,,,장대동 장대노인회관,유성구,-0.012,2654.0,2024-08-01,2026-03-31,False
ST1076,0,0,0.0,0,,,,,중촌동 행정복지센터 정류장,중구,-0.059,10381.0,2024-08-01,2026-03-31,False
ST0287,0,0,0.0,0,,,,,정림동 우성아파트 1차 건너편(117동),서구,-0.058,10034.0,2024-08-01,2026-03-31,False
ST0038,0,0,0.0,0,,,,,문화동 서대전공원 야외공연장 뒤편,중구,0.068,4827.0,2024-08-01,2026-03-31,False
ST0251,0,0,0.0,0,,,,,관저동 남대전농협 하나로마트,서구,0.007,3065.0,2024-08-01,2026-03-31,False
ST0492,0,0,0.0,0,,,,,산성동 원대어린이공원,중구,-0.021,2078.0,2024-08-01,2026-03-31,False
ST0285,0,0,0.0,0,,,,,정림동 정림삼거리,서구,0.093,8626.0,2024-08-01,2026-04-01,False
ST1175,0,0,0.0,0,,,,,미호동 금강로하스대청공원,대덕구,0.066,2631.0,2024-08-01,2026-03-31,False
ST1187,0,0,0.0,0,,,,,안영동 한국효문화진흥원,중구,-0.014,3470.0,2024-08-01,2026-03-31,False
ST0457,0,0,0.0,0,,,,,중촌동 115-5번지(대전천서로),중구,-0.065,2816.0,2024-08-01,2026-04-01,False
ST1103,0,0,0.0,0,,,,,"자양동 우송대,솔펫동물병원,우송애견센터",동구,-0.038,12520.0,2024-08-01,2026-03-31,False
ST0717,0,0,0.0,0,,,,,갈마동 서구보훈회관 건너편,서구,0.093,3795.0,2024-08-01,2026-03-31,False
ST0745,0,0,0.0,0,,,,,봉산동 봉산LH3단지아파트 입구,유성구,-0.005,4170.0,2024-08-01,2026-04-01,False
ST0361,0,0,0.0,0,,,,,선화동 선화파출소,중구,0.271,9052.0,2024-08-01,2026-03-31,False
ST0677,0,0,0.0,0,,,,,판암동 신흥역4번출구,동구,0.026,2161.0,2024-08-01,2026-03-31,False
ST0139,0,0,0.0,0,,,,,죽동 유성구청소년수련관,유성구,0.687,5046.0,2024-08-01,2026-03-31,False
ST0645,0,0,0.0,0,,,,,삼성동 삼성신협 본점,동구,0.012,3117.0,2024-08-01,2026-03-31,False
ST0772,0,0,0.0,0,,,,,상대동 진터네거리(도안4블럭 방면),유성구,0.08,8664.0,2024-08-01,2026-03-31,False
ST0391,0,0,0.0,0,,,,,둔산동 현대자동차블루핸즈 둔산동부점,서구,0.031,5417.0,2024-08-01,2026-03-31,False
ST0909,0,0,0.0,0,,,,,지족동 열매마을 2단지(202동),유성구,0.07,2592.0,2024-08-01,2026-03-31,False
ST0438,0,0,0.0,0,,,,,둔산동 시청역 1번출구,서구,0.052,6047.0,2024-08-01,2026-03-31,False
ST0623,0,0,0.0,0,,,,,가양동 우송대 서문 건너편,동구,0.026,5199.0,2024-08-01,2026-03-31,False
ST0907,0,0,0.0,0,,,,,지족동 열매마을 5단지 입구,유성구,0.021,7439.0,2024-08-01,2026-03-31,False
ST1053,0,0,0.0,0,,,,,홍도동 용전네거리 하나은행,동구,0.061,5567.0,2024-08-01,2026-03-31,False
ST1107,0,0,0.0,0,,,,,산성동 에스오일 오월드주유소 맞은편,중구,-0.019,3086.0,2024-08-01,2026-03-31,False
ST0792,0,0,0.0,0,,,,,가수원동 미나리어린이공원 뒤편,서구,-0.058,3713.0,2024-08-01,2026-03-31,False
ST0899,0,0,0.0,0,,,,,노은동 CGV,유성구,-0.021,7689.0,2024-08-01,2026-03-31,False
ST0540,0,0,0.0,0,,,,,문화동 센트럴스타클래스,중구,0.003,2873.0,2024-08-01,2026-03-31,False
ST1356,0,0,0.0,0,,,,,만년동 천연기념물센터(한밭수목원 방면),서구,-0.075,2010.0,2024-12-05,2026-03-31,False
ST0629,0,0,0.0,0,,,,,천동초등학교(천동휴먼시아 방면) 정류장,동구,-0.012,3592.0,2024-08-01,2026-03-31,False
ST1004,0,0,0.0,0,,,,,호동 쟈스민 아울렛매장,중구,-0.023,2847.0,2024-08-01,2026-03-31,False
ST0078,0,0,0.0,0,,,,,삼성동 솔랑마을 아파트 상가,동구,-0.052,4104.0,2024-08-01,2026-03-31,False
ST0716,0,0,0.0,0,,,,,갈마동 양녕요양병원,서구,0.047,2776.0,2024-08-01,2026-04-01,False
ST0506,0,0,0.0,0,,,,,문화동 센트럴파크(105동),중구,0.093,3768.0,2024-08-01,2026-03-31,False
ST0318,0,0,0.0,0,,,,,가장동 가장교(성은사),서구,-0.103,9336.0,2024-08-01,2026-03-31,False
ST1089,0,0,0.0,0,,,,,원동 원동네거리 국민은행,동구,-0.03,3555.0,2024-08-01,2026-03-31,False
ST1148,0,0,0.0,0,,,,,성남동 석촌마을(105동),동구,-0.045,10044.0,2024-08-01,2026-03-31,False
ST1017,0,0,0.0,0,,,,,죽동 충남대학교 서문네거리,유성구,-0.002,10003.0,2024-08-01,2026-03-31,False
ST1256,0,0,0.0,0,,,,,전민동 삼성푸른아파트 107동 앞,유성구,0.002,6936.0,2024-08-01,2026-03-31,False
ST1332,0,0,0.0,0,,,,,인동 한국전기안전공사,동구,-0.007,5208.0,2024-11-27,2026-03-31,False
ST1345,0,0,0.0,0,,,,,노은동 대전월드컵경기장 1문,유성구,0.047,2343.0,2024-12-06,2026-03-31,False
ST0541,0,0,0.0,0,,,,,대흥동 대고오거리 피자2001,중구,0.005,3738.0,2024-08-01,2026-03-31,False
ST0880,0,0,0.0,0,,,,,도마동 대일의류도매백화점,서구,-0.035,8709.0,2024-08-01,2026-03-31,False
ST1168,0,0,0.0,0,,,,,관저동 금동초등학교,서구,-0.005,4454.0,2024-08-01,2026-03-31,False
ST1404,0,0,0.0,0,,,,,효동행정복지센터,동구,-0.01,2332.0,2024-11-25,2026-03-31,False
ST1072,0,0,0.0,0,,,,,성남동 성남네거리,동구,-0.045,5232.0,2024-08-01,2026-03-31,False
ST0797,0,0,0.0,0,,,,,도안동 용소1교 좌안,서구,-0.082,9263.0,2024-08-01,2026-03-31,False
ST1149,0,0,0.0,0,,,,,성남동 스마트뷰(112동),동구,0.012,2780.0,2024-08-01,2026-03-31,False
ST1396,0,0,0.0,0,,,,,신탄진동 다가온 청년주택 앞,대덕구,-0.031,3961.0,2024-11-26,2026-03-31,False
ST0174,0,0,0.0,0,,,,,지족동 지족역 2번출구,유성구,0.054,4609.0,2024-08-01,2026-03-31,False
ST0599,0,0,0.0,0,,,,,석교동 용산부인과의원,중구,-0.007,10216.0,2024-08-01,2026-03-31,False
ST1363,0,0,0.0,0,,,,,둔산동 정부청사역 2번출구,서구,0.012,4902.0,2024-11-26,2026-03-31,False
ST0675,0,0,0.0,0,,,,,판암동 신흥역2번출구,동구,0.066,5436.0,2024-08-01,2026-03-31,False
ST1313,0,0,0.0,0,,,,,신흥동 어진마을아파트 정류장,동구,-0.023,4144.0,2024-08-20,2026-03-31,False
ST1266,0,0,0.0,0,,,,,법동 법1동행정복지센터,대덕구,-0.021,2787.0,2024-08-01,2026-03-31,False
ST0436,0,0,0.0,0,,,,,둔산동 한국생산성본부,서구,-0.037,3870.0,2024-12-07,2026-03-31,False
ST0472,0,0,0.0,0,,,,,도룡동 LG대전어린이집,유성구,0.054,1959.0,2024-08-01,2026-03-31,False
ST0474,0,0,0.0,0,,,,,관저동 구봉마을 9단지(904동),서구,0.077,3113.0,2024-08-01,2026-04-01,False
ST0817,0,0,0.0,0,,,,,관저동 건양대학교병원,서구,0.199,8111.0,2024-08-01,2026-03-31,False
ST0878,0,0,0.0,0,,,,,변동 동일세탁,서구,-0.33,6898.0,2024-08-01,2026-03-31,False
ST0293,0,0,0.0,0,,,,,법동 대전중앙병원,대덕구,0.005,2651.0,2024-08-01,2026-03-31,False
ST0355,0,0,0.0,0,,,,,대흥동 대흥네거리 DS평생교육원,중구,0.012,7238.0,2024-08-01,2026-03-31,False
ST1014,0,0,0.0,0,,,,,궁동 충남대학교 학생생활관,유성구,0.003,2870.0,2024-08-01,2026-03-31,False
ST0574,0,0,0.0,0,,,,,가오동 오토카센타,동구,-0.035,3852.0,2024-08-01,2026-03-31,False
ST0788,0,0,0.0,0,,,,,도안동 도안린풀하우스18단지아파트 1806동,서구,0.0,6651.0,2024-08-01,2026-03-31,False
ST0034,0,0,0.0,0,,,,,안영동 농협하나로마트,중구,0.026,4247.0,2024-08-01,2026-03-31,False
ST0053,0,0,0.0,0,,,,,판암동 판암역 4번출구,동구,0.017,7084.0,2024-08-01,2026-03-31,False
ST0024,0,0,0.0,0,,,,,덕명동 화산어린이공원,유성구,0.302,2066.0,2024-08-01,2026-03-31,False
ST0240,0,0,0.0,0,,,,,도안동 17단지 계룡리슈빌(1701동),서구,-0.012,4624.0,2024-08-01,2026-03-31,False
ST0786,0,0,0.0,0,,,,,도안동 호반베르디움 101동,서구,-0.03,4721.0,2024-08-01,2026-03-31,False
ST0528,0,0,0.0,0,,,,,태평동 호암컨벤션,중구,-0.066,3172.0,2024-08-01,2026-03-31,False
ST0993,0,0,0.0,0,,,,,추목동 자운대 8단지(812동),유성구,0.009,2006.0,2024-08-01,2026-03-31,False
ST1262,0,0,0.0,0,,,,,대동 펜타뷰 상가동 앞,동구,-0.04,5422.0,2024-08-01,2026-03-31,False
ST0594,0,0,0.0,0,,,,,낭월동 낭월3호어린이공원,동구,0.056,2026.0,2024-08-03,2026-03-31,False
ST0718,0,0,0.0,0,,,,,갈마동 서구보훈회관 공원,서구,-0.007,4347.0,2024-08-01,2026-03-31,False
ST0644,0,0,0.0,0,,,,,삼성동 한밭자이아파트 정문 건너편,동구,-0.086,5428.0,2024-08-01,2026-03-31,False
ST0221,0,0,0.0,0,,,,,원신흥동 원신흥도서관,유성구,0.117,8319.0,2024-08-01,2026-03-31,False
ST0904,0,0,0.0,0,,,,,지족동 열매마을 7단지(708동),유성구,-0.012,5326.0,2024-08-01,2026-03-31,False
ST0956,0,0,0.0,0,,,,,평촌동 행복한마을 신일유토빌(102동),대덕구,-0.019,5216.0,2024-08-01,2026-03-31,False
ST1062,0,0,0.0,0,,,,,내동네거리,서구,0.009,8795.0,2024-08-01,2026-03-31,False
ST0575,0,0,0.0,0,,,,,가오동 킹스 불가마사우나,동구,0.01,2074.0,2024-08-01,2026-03-31,False
ST0914,0,0,0.0,0,,,,,신일동 트루윈 입구,대덕구,-0.063,2461.0,2024-08-01,2026-03-31,False
ST0270,0,0,0.0,0,,,,,원내동 샘물타운(301동),유성구,-0.01,6571.0,2024-08-01,2026-03-31,False
ST0759,0,0,0.0,0,,,,,신성동 KT&G중앙연구원,유성구,-0.007,2722.0,2024-08-01,2026-03-31,False
ST0244,0,0,0.0,0,,,,,가수원동 은아아파트 3단지 육교밑(302동),서구,0.024,4362.0,2024-08-01,2026-03-31,False
ST0271,0,0,0.0,0,,,,,원내동 샘물타운(305동),유성구,-0.014,1972.0,2024-08-01,2026-03-31,False
ST1202,0,0,0.0,0,,,,,용전동 한숲아파트(101동),동구,0.005,5996.0,2024-08-01,2026-03-31,False
ST0112,0,0,0.0,0,,,,,덕암동 신탄주택,대덕구,-0.031,2393.0,2024-08-01,2026-03-31,False
ST0348,0,0,0.0,0,,,,,부사동 부사동매표소,중구,0.133,8605.0,2024-08-01,2026-03-31,False
ST0369,0,0,0.0,0,,,,,어은동 충남대학교 상록회관 입구,유성구,0.171,2538.0,2024-08-01,2026-03-31,False
ST1100,0,0,0.0,0,,,,,대동 이앤엠학원,동구,-0.009,7382.0,2024-08-01,2026-03-31,False
ST1165,0,0,0.0,0,,,,,죽동 한국타이어앞 CU,유성구,0.058,4081.0,2024-08-01,2026-03-31,False
ST0819,0,0,0.0,0,,,,,관저동 원앙4단지아파트 406동,서구,0.03,4256.0,2024-08-01,2026-03-31,False
ST0314,0,0,0.0,0,,,,,유천동 창제한의원,중구,-0.051,8878.0,2024-08-01,2026-03-31,False
ST0720,0,0,0.0,0,,,,,원동 대흥교 원동네거리 방면,동구,0.014,6468.0,2024-08-01,2026-03-31,False
ST0156,0,0,0.0,0,,,,,반석동 반석마을 8단지(804동),유성구,0.051,2938.0,2024-08-01,2026-03-31,False
ST0234,0,0,0.0,0,,,,,원신흥동 도안 10단지 휴먼시아 건너편(1010동),유성구,-0.007,6134.0,2024-08-01,2026-04-01,False
ST0414,0,0,0.0,0,,,,,도룡동 스마트시티(201동),유성구,0.414,6479.0,2024-08-01,2026-03-31,False
ST0229,0,0,0.0,0,,,,,원신흥동 도안 11단지 천년나무 11단지(1104동),유성구,-0.002,6248.0,2024-08-01,2026-03-31,False
ST0316,0,0,0.0,0,,,,,유천동 롯데하이마트 (유천점),중구,-0.089,12040.0,2024-08-01,2026-03-31,False
ST0816,0,0,0.0,0,,,,,원내동 한아름아파트 상가동,유성구,-0.007,3790.0,2024-08-01,2026-03-31,False
ST0923,0,0,0.0,0,,,,,목동 목양마을 버스정류장(117동),중구,-0.028,4601.0,2024-08-01,2026-03-31,False
ST0662,0,0,0.0,0,,,,,용전동 용전노인정,동구,-0.014,4182.0,2024-08-01,2026-03-31,False
ST0105,0,0,0.0,0,,,,,갈마동 메가커피,서구,-0.054,5539.0,2024-08-01,2026-03-31,False
ST0092,0,0,0.0,0,,,,,탄방동 한가람아파트 정류장(9동),서구,0.101,4676.0,2024-08-01,2026-03-31,False
ST0494,0,0,0.0,0,,,,,산성동 한밭가든아파트(103동),중구,-0.089,9140.0,2024-08-01,2026-03-31,False
ST0420,0,0,0.0,0,,,,,봉명동 도안휴먼시아 6단지,유성구,-0.012,6833.0,2024-08-01,2026-03-31,False
ST0711,0,0,0.0,0,,,,,월평동 갑천역3번출구,서구,0.121,9358.0,2024-08-01,2026-03-31,False
ST0697,0,0,0.0,0,,,,,계산동 학하네거리 학의뜰 방향 정류장,유성구,1.1,2058.0,2024-08-01,2026-04-01,False
ST1015,0,0,0.0,0,,,,,궁동 충남대학교 중앙도서관,유성구,0.07,10293.0,2024-08-01,2026-03-31,False
ST0726,0,0,0.0,0,,,,,신탄진동 신탄진역,대덕구,0.019,5620.0,2024-08-01,2026-04-01,False
ST1339,0,0,0.0,0,,,,,신흥동 이스트시티 2단지,동구,-0.031,3408.0,2024-12-07,2026-03-31,False
ST0106,0,0,0.0,0,,,,,갈마동 갈마아파트 한마음동산,서구,0.771,10014.0,2024-08-01,2026-03-31,False
ST0597,0,0,0.0,0,,,,,옥계동 새마을금고,중구,0.045,2260.0,2024-08-01,2026-04-01,False
ST1012,0,0,0.0,0,,,,,덕암동 베스트코 신탄진점 건너편,대덕구,-0.005,2973.0,2024-08-01,2026-03-31,False
ST0032,0,0,0.0,0,,,,,관저동 관저더샵(109동),서구,0.301,4378.0,2024-08-01,2026-03-31,False
ST0076,0,0,0.0,0,,,,,용전동 용전네거리 몽벨,동구,0.136,3539.0,2024-08-01,2026-03-31,False
ST1373,0,0,0.0,0,,,,,유천동 큰솔아파트,중구,-0.101,6182.0,2024-12-01,2026-03-31,False
ST0216,0,0,0.0,0,,,,,상대동 도안 9단지 트리풀시티(920동),유성구,1.014,4639.0,2024-08-01,2026-03-31,False
ST0681,0,0,0.0,0,,,,,선화동 대전상호저축은행,중구,-0.026,5257.0,2024-08-01,2026-03-31,False
ST0902,0,0,0.0,0,,,,,노은동 열매마을 9단지 입구,유성구,0.012,3294.0,2024-08-01,2026-03-31,False
ST0222,0,0,0.0,0,,,,,원신흥동 도안 12단지 어울림하트(1201동),유성구,-0.01,3562.0,2024-08-01,2026-03-31,False
ST0102,0,0,0.0,0,,,,,갈마동 갈마네거리,서구,-0.037,9094.0,2024-08-01,2026-03-31,False
ST0072,0,0,0.0,0,,,,,용전동 한국통신 용전지점,동구,0.164,6015.0,2024-08-01,2026-03-31,False
ST0084,0,0,0.0,0,,,,,판암동 신흥역 3번출구,동구,-0.096,3251.0,2024-08-01,2026-03-31,False
ST0250,0,0,0.0,0,,,,,관저동 느리울중네거리,서구,0.124,6715.0,2024-08-01,2026-03-31,False
ST0701,0,0,0.0,0,,,,,구암동 왕가교,유성구,-0.042,3958.0,2024-08-01,2026-03-31,False
ST0942,0,0,0.0,0,,,,,봉산동 휴먼시아(102동),유성구,-0.026,2748.0,2024-08-01,2026-03-31,False
ST1108,0,0,0.0,0,,,,,가오동 홈플러스,동구,-0.031,4259.0,2024-08-01,2026-03-31,False
ST1310,0,0,0.0,0,,,,,둔산동  시애틀 공원,서구,-0.044,7503.0,2024-08-27,2026-03-31,False
ST0117,0,0,0.0,0,,,,,탄방동 e편한세상 정류장(용문네거리 방면),서구,-0.101,6314.0,2024-08-01,2026-03-31,False
ST0172,0,0,0.0,0,,,,,지족동 인앤인아파트(101동),유성구,0.024,3773.0,2024-08-01,2026-03-31,False
ST1055,0,0,0.0,0,,,,,문화동 한밭도서관,중구,0.979,6216.0,2024-08-01,2026-03-31,False
ST1112,0,0,0.0,0,,,,,부사동 동서가구 부사전시장,중구,-0.019,3609.0,2024-08-01,2026-03-31,False
ST0063,0,0,0.0,0,,,,,홍도동 새마을금고 홍도지점,동구,0.135,9066.0,2024-08-01,2026-03-31,False
ST0830,0,0,0.0,0,,,,,오정동 오정로 호남선(가도교) 아래 2,대덕구,-0.142,3422.0,2024-08-01,2026-03-31,False
ST0912,0,0,0.0,0,,,,,송강동 송강청솔아파트 상가,유성구,-0.014,4407.0,2024-08-01,2026-03-31,False
ST1422,0,0,0.0,0,,,,,전민동 청구나래아파트(101동),유성구,-0.009,4579.0,2025-01-21,2026-03-31,False
ST0162,0,0,0.0,0,,,,,반석동 반석역 6번출구,유성구,0.171,5050.0,2024-08-01,2026-03-31,False
ST0148,0,0,0.0,0,,,,,송강동 송강근린공원 청솔한양아파트 206동 건너편,유성구,0.002,5155.0,2024-08-01,2026-03-31,False
ST0155,0,0,0.0,0,,,,,반석동 외삼네거리 603동,유성구,0.444,4151.0,2024-08-01,2026-03-31,False
ST0508,0,0,0.0,0,,,,,문화동 삼익아파트 건너편(3동),중구,-0.002,5457.0,2024-08-01,2026-03-31,False
ST0938,0,0,0.0,0,,,,,송강동 그린아파트(318동),유성구,0.033,4856.0,2024-08-01,2026-03-31,False
ST0130,0,0,0.0,0,,,,,둔산동 대전대학교 대전한방병원 정류장,서구,0.002,3517.0,2024-08-01,2026-03-31,False
ST0452,0,0,0.0,0,,,,,만년동 빽다방,서구,-0.01,5629.0,2024-08-01,2026-03-31,False
ST0798,0,0,0.0,0,,,,,관저동 느리울마을12단지주공아파트 서측 입구,서구,0.028,5505.0,2024-08-01,2026-03-31,False
ST0016,0,0,0.0,0,,,,,둔산동 문정어린이공원,서구,-0.005,3048.0,2024-08-01,2026-03-31,False
